"cb","vtkValidPointMask","arc_length","Points:0","Points:1","Points:2"
0,1,0,0,0,0
8.1397e+17,1,5e-10,5e-10,0,0
3.0657e+18,1,1e-09,1e-09,0,0
6.2177e+18,1,1.5e-09,1.5e-09,0,0
9.6024e+18,1,2e-09,2e-09,0,0
1.2763e+19,1,2.5e-09,2.5e-09,0,0
1.5616e+19,1,3e-09,3e-09,0,0
1.8281e+19,1,3.5e-09,3.5e-09,0,0
2.0871e+19,1,4e-09,4e-09,0,0
2.3435e+19,1,4.5e-09,4.5e-09,0,0
2.5986e+19,1,5e-09,5e-09,0,0
2.8526e+19,1,5.5e-09,5.5e-09,0,0
3.1054e+19,1,6e-09,6e-09,0,0
3.3571e+19,1,6.5e-09,6.5e-09,0,0
3.6077e+19,1,7e-09,7e-09,0,0
3.8571e+19,1,7.5e-09,7.5e-09,0,0
4.1052e+19,1,8e-09,8e-09,0,0
4.3521e+19,1,8.5e-09,8.5e-09,0,0
4.5981e+19,1,9e-09,9e-09,0,0
4.8426e+19,1,9.5e-09,9.5e-09,0,0
5.0861e+19,1,1e-08,1e-08,0,0
5.3283e+19,1,1.05e-08,1.05e-08,0,0
5.5692e+19,1,1.1e-08,1.1e-08,0,0
5.809e+19,1,1.15e-08,1.15e-08,0,0
6.0474e+19,1,1.2e-08,1.2e-08,0,0
6.2847e+19,1,1.25e-08,1.25e-08,0,0
6.5204e+19,1,1.3e-08,1.3e-08,0,0
6.7553e+19,1,1.35e-08,1.35e-08,0,0
6.9884e+19,1,1.4e-08,1.4e-08,0,0
7.2207e+19,1,1.45e-08,1.45e-08,0,0
7.4511e+19,1,1.5e-08,1.5e-08,0,0
7.6808e+19,1,1.55e-08,1.55e-08,0,0
7.9086e+19,1,1.6e-08,1.6e-08,0,0
8.1357e+19,1,1.65e-08,1.65e-08,0,0
8.3607e+19,1,1.7e-08,1.7e-08,0,0
8.5852e+19,1,1.75e-08,1.75e-08,0,0
8.8075e+19,1,1.8e-08,1.8e-08,0,0
9.0293e+19,1,1.85e-08,1.85e-08,0,0
9.2487e+19,1,1.9e-08,1.9e-08,0,0
9.4679e+19,1,1.95e-08,1.95e-08,0,0
9.6845e+19,1,2e-08,2e-08,0,0
9.901e+19,1,2.05e-08,2.05e-08,0,0
1.0115e+20,1,2.1e-08,2.1e-08,0,0
1.0328e+20,1,2.15e-08,2.15e-08,0,0
1.0539e+20,1,2.2e-08,2.2e-08,0,0
1.075e+20,1,2.25e-08,2.25e-08,0,0
1.0958e+20,1,2.3e-08,2.3e-08,0,0
1.1166e+20,1,2.35e-08,2.35e-08,0,0
1.1372e+20,1,2.4e-08,2.4e-08,0,0
1.1577e+20,1,2.45e-08,2.45e-08,0,0
1.1779e+20,1,2.5e-08,2.5e-08,0,0
1.1982e+20,1,2.55e-08,2.55e-08,0,0
1.2181e+20,1,2.6e-08,2.6e-08,0,0
1.2381e+20,1,2.65e-08,2.65e-08,0,0
1.2578e+20,1,2.7e-08,2.7e-08,0,0
1.2774e+20,1,2.75e-08,2.75e-08,0,0
1.2968e+20,1,2.8e-08,2.8e-08,0,0
1.3161e+20,1,2.85e-08,2.85e-08,0,0
1.3353e+20,1,2.9e-08,2.9e-08,0,0
1.3543e+20,1,2.95e-08,2.95e-08,0,0
1.3732e+20,1,3e-08,3e-08,0,0
1.3919e+20,1,3.05e-08,3.05e-08,0,0
1.4105e+20,1,3.1e-08,3.1e-08,0,0
1.4289e+20,1,3.15e-08,3.15e-08,0,0
1.4472e+20,1,3.2e-08,3.2e-08,0,0
1.4653e+20,1,3.25e-08,3.25e-08,0,0
1.4833e+20,1,3.3e-08,3.3e-08,0,0
1.5012e+20,1,3.35e-08,3.35e-08,0,0
1.5189e+20,1,3.4e-08,3.4e-08,0,0
1.5364e+20,1,3.45e-08,3.45e-08,0,0
1.5539e+20,1,3.5e-08,3.5e-08,0,0
1.5711e+20,1,3.55e-08,3.55e-08,0,0
1.5882e+20,1,3.6e-08,3.6e-08,0,0
1.6052e+20,1,3.65e-08,3.65e-08,0,0
1.6221e+20,1,3.7e-08,3.7e-08,0,0
1.6387e+20,1,3.75e-08,3.75e-08,0,0
1.6553e+20,1,3.8e-08,3.8e-08,0,0
1.6716e+20,1,3.85e-08,3.85e-08,0,0
1.688e+20,1,3.9e-08,3.9e-08,0,0
1.704e+20,1,3.95e-08,3.95e-08,0,0
1.72e+20,1,4e-08,4e-08,0,0
1.7358e+20,1,4.05e-08,4.05e-08,0,0
1.7515e+20,1,4.1e-08,4.1e-08,0,0
1.767e+20,1,4.15e-08,4.15e-08,0,0
1.7825e+20,1,4.2e-08,4.2e-08,0,0
1.7976e+20,1,4.25e-08,4.25e-08,0,0
1.8128e+20,1,4.3e-08,4.3e-08,0,0
1.8277e+20,1,4.35e-08,4.35e-08,0,0
1.8426e+20,1,4.4e-08,4.4e-08,0,0
1.8572e+20,1,4.45e-08,4.45e-08,0,0
1.8718e+20,1,4.5e-08,4.5e-08,0,0
1.8861e+20,1,4.55e-08,4.55e-08,0,0
1.9004e+20,1,4.6e-08,4.6e-08,0,0
1.9145e+20,1,4.65e-08,4.65e-08,0,0
1.9285e+20,1,4.7e-08,4.7e-08,0,0
1.9423e+20,1,4.75e-08,4.75e-08,0,0
1.9561e+20,1,4.8e-08,4.8e-08,0,0
1.9696e+20,1,4.85e-08,4.85e-08,0,0
1.983e+20,1,4.9e-08,4.9e-08,0,0
1.9963e+20,1,4.95e-08,4.95e-08,0,0
2.0095e+20,1,5e-08,5e-08,0,0
2.0225e+20,1,5.05e-08,5.05e-08,0,0
2.0353e+20,1,5.1e-08,5.1e-08,0,0
2.0481e+20,1,5.15e-08,5.15e-08,0,0
2.0607e+20,1,5.2e-08,5.2e-08,0,0
2.0731e+20,1,5.25e-08,5.25e-08,0,0
2.0855e+20,1,5.3e-08,5.3e-08,0,0
2.0977e+20,1,5.35e-08,5.35e-08,0,0
2.1097e+20,1,5.4e-08,5.4e-08,0,0
2.1217e+20,1,5.45e-08,5.45e-08,0,0
2.1335e+20,1,5.5e-08,5.5e-08,0,0
2.1451e+20,1,5.55e-08,5.55e-08,0,0
2.1567e+20,1,5.6e-08,5.6e-08,0,0
2.1681e+20,1,5.65e-08,5.65e-08,0,0
2.1793e+20,1,5.7e-08,5.7e-08,0,0
2.1905e+20,1,5.75e-08,5.75e-08,0,0
2.2015e+20,1,5.8e-08,5.8e-08,0,0
2.2124e+20,1,5.85e-08,5.85e-08,0,0
2.2231e+20,1,5.9e-08,5.9e-08,0,0
2.2338e+20,1,5.95e-08,5.95e-08,0,0
2.2443e+20,1,6e-08,6e-08,0,0
2.2547e+20,1,6.05e-08,6.05e-08,0,0
2.2649e+20,1,6.1e-08,6.1e-08,0,0
2.2751e+20,1,6.15e-08,6.15e-08,0,0
2.2851e+20,1,6.2e-08,6.2e-08,0,0
2.295e+20,1,6.25e-08,6.25e-08,0,0
2.3047e+20,1,6.3e-08,6.3e-08,0,0
2.3144e+20,1,6.35e-08,6.35e-08,0,0
2.3239e+20,1,6.4e-08,6.4e-08,0,0
2.3333e+20,1,6.45e-08,6.45e-08,0,0
2.3425e+20,1,6.5e-08,6.5e-08,0,0
2.3517e+20,1,6.55e-08,6.55e-08,0,0
2.3607e+20,1,6.6e-08,6.6e-08,0,0
2.3697e+20,1,6.65e-08,6.65e-08,0,0
2.3784e+20,1,6.7e-08,6.7e-08,0,0
2.3871e+20,1,6.75e-08,6.75e-08,0,0
2.3957e+20,1,6.8e-08,6.8e-08,0,0
2.4042e+20,1,6.85e-08,6.85e-08,0,0
2.4125e+20,1,6.9e-08,6.9e-08,0,0
2.4207e+20,1,6.95e-08,6.95e-08,0,0
2.4288e+20,1,7e-08,7e-08,0,0
2.4368e+20,1,7.05e-08,7.05e-08,0,0
2.4447e+20,1,7.1e-08,7.1e-08,0,0
2.4524e+20,1,7.15e-08,7.15e-08,0,0
2.4601e+20,1,7.2e-08,7.2e-08,0,0
2.4676e+20,1,7.25e-08,7.25e-08,0,0
2.4751e+20,1,7.3e-08,7.3e-08,0,0
2.4824e+20,1,7.35e-08,7.35e-08,0,0
2.4896e+20,1,7.4e-08,7.4e-08,0,0
2.4967e+20,1,7.45e-08,7.45e-08,0,0
2.5037e+20,1,7.5e-08,7.5e-08,0,0
2.5106e+20,1,7.55e-08,7.55e-08,0,0
2.5174e+20,1,7.6e-08,7.6e-08,0,0
2.5241e+20,1,7.65e-08,7.65e-08,0,0
2.5307e+20,1,7.7e-08,7.7e-08,0,0
2.5371e+20,1,7.75e-08,7.75e-08,0,0
2.5435e+20,1,7.8e-08,7.8e-08,0,0
2.5498e+20,1,7.85e-08,7.85e-08,0,0
2.556e+20,1,7.9e-08,7.9e-08,0,0
2.562e+20,1,7.95e-08,7.95e-08,0,0
2.568e+20,1,8e-08,8e-08,0,0
2.5739e+20,1,8.05e-08,8.05e-08,0,0
2.5797e+20,1,8.1e-08,8.1e-08,0,0
2.5853e+20,1,8.15e-08,8.15e-08,0,0
2.5909e+20,1,8.2e-08,8.2e-08,0,0
2.5963e+20,1,8.25e-08,8.25e-08,0,0
2.6018e+20,1,8.3e-08,8.3e-08,0,0
2.607e+20,1,8.35e-08,8.35e-08,0,0
2.6122e+20,1,8.4e-08,8.4e-08,0,0
2.6173e+20,1,8.45e-08,8.45e-08,0,0
2.6223e+20,1,8.5e-08,8.5e-08,0,0
2.6272e+20,1,8.55e-08,8.55e-08,0,0
2.6321e+20,1,8.6e-08,8.6e-08,0,0
2.6367e+20,1,8.65e-08,8.65e-08,0,0
2.6414e+20,1,8.7e-08,8.7e-08,0,0
2.6459e+20,1,8.75e-08,8.75e-08,0,0
2.6504e+20,1,8.8e-08,8.8e-08,0,0
2.6547e+20,1,8.85e-08,8.85e-08,0,0
2.659e+20,1,8.9e-08,8.9e-08,0,0
2.6632e+20,1,8.95e-08,8.95e-08,0,0
2.6673e+20,1,9e-08,9e-08,0,0
2.6713e+20,1,9.05e-08,9.05e-08,0,0
2.6753e+20,1,9.1e-08,9.1e-08,0,0
2.6791e+20,1,9.15e-08,9.15e-08,0,0
2.6829e+20,1,9.2e-08,9.2e-08,0,0
2.6865e+20,1,9.25e-08,9.25e-08,0,0
2.6901e+20,1,9.3e-08,9.3e-08,0,0
2.6937e+20,1,9.35e-08,9.35e-08,0,0
2.6971e+20,1,9.4e-08,9.4e-08,0,0
2.7004e+20,1,9.45e-08,9.45e-08,0,0
2.7037e+20,1,9.5e-08,9.5e-08,0,0
2.7069e+20,1,9.55e-08,9.55e-08,0,0
2.71e+20,1,9.6e-08,9.6e-08,0,0
2.713e+20,1,9.65e-08,9.65e-08,0,0
2.716e+20,1,9.7e-08,9.7e-08,0,0
2.7189e+20,1,9.75e-08,9.75e-08,0,0
2.7217e+20,1,9.8e-08,9.8e-08,0,0
2.7244e+20,1,9.85e-08,9.85e-08,0,0
2.727e+20,1,9.9e-08,9.9e-08,0,0
2.7296e+20,1,9.95e-08,9.95e-08,0,0
2.7321e+20,1,1e-07,1e-07,0,0
2.7346e+20,1,1.005e-07,1.005e-07,0,0
2.7369e+20,1,1.01e-07,1.01e-07,0,0
2.7392e+20,1,1.015e-07,1.015e-07,0,0
2.7414e+20,1,1.02e-07,1.02e-07,0,0
2.7435e+20,1,1.025e-07,1.025e-07,0,0
2.7456e+20,1,1.03e-07,1.03e-07,0,0
2.7476e+20,1,1.035e-07,1.035e-07,0,0
2.7495e+20,1,1.04e-07,1.04e-07,0,0
2.7514e+20,1,1.045e-07,1.045e-07,0,0
2.7532e+20,1,1.05e-07,1.05e-07,0,0
2.7549e+20,1,1.055e-07,1.055e-07,0,0
2.7565e+20,1,1.06e-07,1.06e-07,0,0
2.7582e+20,1,1.065e-07,1.065e-07,0,0
2.7597e+20,1,1.07e-07,1.07e-07,0,0
2.7611e+20,1,1.075e-07,1.075e-07,0,0
2.7625e+20,1,1.08e-07,1.08e-07,0,0
2.7639e+20,1,1.085e-07,1.085e-07,0,0
2.7651e+20,1,1.09e-07,1.09e-07,0,0
2.7663e+20,1,1.095e-07,1.095e-07,0,0
2.7675e+20,1,1.1e-07,1.1e-07,0,0
2.7686e+20,1,1.105e-07,1.105e-07,0,0
2.7696e+20,1,1.11e-07,1.11e-07,0,0
2.7705e+20,1,1.115e-07,1.115e-07,0,0
2.7714e+20,1,1.12e-07,1.12e-07,0,0
2.7723e+20,1,1.125e-07,1.125e-07,0,0
2.773e+20,1,1.13e-07,1.13e-07,0,0
2.7738e+20,1,1.135e-07,1.135e-07,0,0
2.7744e+20,1,1.14e-07,1.14e-07,0,0
2.775e+20,1,1.145e-07,1.145e-07,0,0
2.7756e+20,1,1.15e-07,1.15e-07,0,0
2.7761e+20,1,1.155e-07,1.155e-07,0,0
2.7765e+20,1,1.16e-07,1.16e-07,0,0
2.7769e+20,1,1.165e-07,1.165e-07,0,0
2.7772e+20,1,1.17e-07,1.17e-07,0,0
2.7775e+20,1,1.175e-07,1.175e-07,0,0
2.7777e+20,1,1.18e-07,1.18e-07,0,0
2.7779e+20,1,1.185e-07,1.185e-07,0,0
2.778e+20,1,1.19e-07,1.19e-07,0,0
2.7781e+20,1,1.195e-07,1.195e-07,0,0
2.7781e+20,1,1.2e-07,1.2e-07,0,0
2.778e+20,1,1.205e-07,1.205e-07,0,0
2.778e+20,1,1.21e-07,1.21e-07,0,0
2.7778e+20,1,1.215e-07,1.215e-07,0,0
2.7776e+20,1,1.22e-07,1.22e-07,0,0
2.7774e+20,1,1.225e-07,1.225e-07,0,0
2.7771e+20,1,1.23e-07,1.23e-07,0,0
2.7767e+20,1,1.235e-07,1.235e-07,0,0
2.7764e+20,1,1.24e-07,1.24e-07,0,0
2.7759e+20,1,1.245e-07,1.245e-07,0,0
2.7755e+20,1,1.25e-07,1.25e-07,0,0
2.7749e+20,1,1.255e-07,1.255e-07,0,0
2.7744e+20,1,1.26e-07,1.26e-07,0,0
2.7737e+20,1,1.265e-07,1.265e-07,0,0
2.7731e+20,1,1.27e-07,1.27e-07,0,0
2.7724e+20,1,1.275e-07,1.275e-07,0,0
2.7716e+20,1,1.28e-07,1.28e-07,0,0
2.7708e+20,1,1.285e-07,1.285e-07,0,0
2.77e+20,1,1.29e-07,1.29e-07,0,0
2.7691e+20,1,1.295e-07,1.295e-07,0,0
2.7682e+20,1,1.3e-07,1.3e-07,0,0
2.7672e+20,1,1.305e-07,1.305e-07,0,0
2.7662e+20,1,1.31e-07,1.31e-07,0,0
2.7651e+20,1,1.315e-07,1.315e-07,0,0
2.7641e+20,1,1.32e-07,1.32e-07,0,0
2.7629e+20,1,1.325e-07,1.325e-07,0,0
2.7618e+20,1,1.33e-07,1.33e-07,0,0
2.7606e+20,1,1.335e-07,1.335e-07,0,0
2.7593e+20,1,1.34e-07,1.34e-07,0,0
2.758e+20,1,1.345e-07,1.345e-07,0,0
2.7567e+20,1,1.35e-07,1.35e-07,0,0
2.7553e+20,1,1.355e-07,1.355e-07,0,0
2.7539e+20,1,1.36e-07,1.36e-07,0,0
2.7525e+20,1,1.365e-07,1.365e-07,0,0
2.751e+20,1,1.37e-07,1.37e-07,0,0
2.7495e+20,1,1.375e-07,1.375e-07,0,0
2.748e+20,1,1.38e-07,1.38e-07,0,0
2.7464e+20,1,1.385e-07,1.385e-07,0,0
2.7448e+20,1,1.39e-07,1.39e-07,0,0
2.7432e+20,1,1.395e-07,1.395e-07,0,0
2.7415e+20,1,1.4e-07,1.4e-07,0,0
2.7398e+20,1,1.405e-07,1.405e-07,0,0
2.738e+20,1,1.41e-07,1.41e-07,0,0
2.7362e+20,1,1.415e-07,1.415e-07,0,0
2.7344e+20,1,1.42e-07,1.42e-07,0,0
2.7326e+20,1,1.425e-07,1.425e-07,0,0
2.7307e+20,1,1.43e-07,1.43e-07,0,0
2.7288e+20,1,1.435e-07,1.435e-07,0,0
2.7268e+20,1,1.44e-07,1.44e-07,0,0
2.7249e+20,1,1.445e-07,1.445e-07,0,0
2.7229e+20,1,1.45e-07,1.45e-07,0,0
2.7208e+20,1,1.455e-07,1.455e-07,0,0
2.7188e+20,1,1.46e-07,1.46e-07,0,0
2.7167e+20,1,1.465e-07,1.465e-07,0,0
2.7146e+20,1,1.47e-07,1.47e-07,0,0
2.7124e+20,1,1.475e-07,1.475e-07,0,0
2.7102e+20,1,1.48e-07,1.48e-07,0,0
2.708e+20,1,1.485e-07,1.485e-07,0,0
2.7058e+20,1,1.49e-07,1.49e-07,0,0
2.7035e+20,1,1.495e-07,1.495e-07,0,0
2.7012e+20,1,1.5e-07,1.5e-07,0,0
2.6989e+20,1,1.505e-07,1.505e-07,0,0
2.6966e+20,1,1.51e-07,1.51e-07,0,0
2.6942e+20,1,1.515e-07,1.515e-07,0,0
2.6918e+20,1,1.52e-07,1.52e-07,0,0
2.6894e+20,1,1.525e-07,1.525e-07,0,0
2.687e+20,1,1.53e-07,1.53e-07,0,0
2.6845e+20,1,1.535e-07,1.535e-07,0,0
2.682e+20,1,1.54e-07,1.54e-07,0,0
2.6795e+20,1,1.545e-07,1.545e-07,0,0
2.6769e+20,1,1.55e-07,1.55e-07,0,0
2.6744e+20,1,1.555e-07,1.555e-07,0,0
2.6718e+20,1,1.56e-07,1.56e-07,0,0
2.6692e+20,1,1.565e-07,1.565e-07,0,0
2.6665e+20,1,1.57e-07,1.57e-07,0,0
2.6639e+20,1,1.575e-07,1.575e-07,0,0
2.6612e+20,1,1.58e-07,1.58e-07,0,0
2.6585e+20,1,1.585e-07,1.585e-07,0,0
2.6558e+20,1,1.59e-07,1.59e-07,0,0
2.653e+20,1,1.595e-07,1.595e-07,0,0
2.6503e+20,1,1.6e-07,1.6e-07,0,0
2.6475e+20,1,1.605e-07,1.605e-07,0,0
2.6447e+20,1,1.61e-07,1.61e-07,0,0
2.6418e+20,1,1.615e-07,1.615e-07,0,0
2.639e+20,1,1.62e-07,1.62e-07,0,0
2.6361e+20,1,1.625e-07,1.625e-07,0,0
2.6332e+20,1,1.63e-07,1.63e-07,0,0
2.6303e+20,1,1.635e-07,1.635e-07,0,0
2.6274e+20,1,1.64e-07,1.64e-07,0,0
2.6245e+20,1,1.645e-07,1.645e-07,0,0
2.6215e+20,1,1.65e-07,1.65e-07,0,0
2.6185e+20,1,1.655e-07,1.655e-07,0,0
2.6155e+20,1,1.66e-07,1.66e-07,0,0
2.6125e+20,1,1.665e-07,1.665e-07,0,0
2.6095e+20,1,1.67e-07,1.67e-07,0,0
2.6064e+20,1,1.675e-07,1.675e-07,0,0
2.6034e+20,1,1.68e-07,1.68e-07,0,0
2.6003e+20,1,1.685e-07,1.685e-07,0,0
2.5972e+20,1,1.69e-07,1.69e-07,0,0
2.5941e+20,1,1.695e-07,1.695e-07,0,0
2.5909e+20,1,1.7e-07,1.7e-07,0,0
2.5878e+20,1,1.705e-07,1.705e-07,0,0
2.5846e+20,1,1.71e-07,1.71e-07,0,0
2.5815e+20,1,1.715e-07,1.715e-07,0,0
2.5783e+20,1,1.72e-07,1.72e-07,0,0
2.575e+20,1,1.725e-07,1.725e-07,0,0
2.5718e+20,1,1.73e-07,1.73e-07,0,0
2.5686e+20,1,1.735e-07,1.735e-07,0,0
2.5653e+20,1,1.74e-07,1.74e-07,0,0
2.5621e+20,1,1.745e-07,1.745e-07,0,0
2.5588e+20,1,1.75e-07,1.75e-07,0,0
2.5555e+20,1,1.755e-07,1.755e-07,0,0
2.5522e+20,1,1.76e-07,1.76e-07,0,0
2.5489e+20,1,1.765e-07,1.765e-07,0,0
2.5455e+20,1,1.77e-07,1.77e-07,0,0
2.5422e+20,1,1.775e-07,1.775e-07,0,0
2.5388e+20,1,1.78e-07,1.78e-07,0,0
2.5355e+20,1,1.785e-07,1.785e-07,0,0
2.5321e+20,1,1.79e-07,1.79e-07,0,0
2.5287e+20,1,1.795e-07,1.795e-07,0,0
2.5253e+20,1,1.8e-07,1.8e-07,0,0
2.5219e+20,1,1.805e-07,1.805e-07,0,0
2.5184e+20,1,1.81e-07,1.81e-07,0,0
2.515e+20,1,1.815e-07,1.815e-07,0,0
2.5116e+20,1,1.82e-07,1.82e-07,0,0
2.5081e+20,1,1.825e-07,1.825e-07,0,0
2.5046e+20,1,1.83e-07,1.83e-07,0,0
2.5011e+20,1,1.835e-07,1.835e-07,0,0
2.4977e+20,1,1.84e-07,1.84e-07,0,0
2.4942e+20,1,1.845e-07,1.845e-07,0,0
2.4906e+20,1,1.85e-07,1.85e-07,0,0
2.4871e+20,1,1.855e-07,1.855e-07,0,0
2.4836e+20,1,1.86e-07,1.86e-07,0,0
2.48e+20,1,1.865e-07,1.865e-07,0,0
2.4765e+20,1,1.87e-07,1.87e-07,0,0
2.4729e+20,1,1.875e-07,1.875e-07,0,0
2.4694e+20,1,1.88e-07,1.88e-07,0,0
2.4658e+20,1,1.885e-07,1.885e-07,0,0
2.4622e+20,1,1.89e-07,1.89e-07,0,0
2.4586e+20,1,1.895e-07,1.895e-07,0,0
2.455e+20,1,1.9e-07,1.9e-07,0,0
2.4514e+20,1,1.905e-07,1.905e-07,0,0
2.4478e+20,1,1.91e-07,1.91e-07,0,0
2.4442e+20,1,1.915e-07,1.915e-07,0,0
2.4405e+20,1,1.92e-07,1.92e-07,0,0
2.4369e+20,1,1.925e-07,1.925e-07,0,0
2.4333e+20,1,1.93e-07,1.93e-07,0,0
2.4296e+20,1,1.935e-07,1.935e-07,0,0
2.4259e+20,1,1.94e-07,1.94e-07,0,0
2.4223e+20,1,1.945e-07,1.945e-07,0,0
2.4186e+20,1,1.95e-07,1.95e-07,0,0
2.4149e+20,1,1.955e-07,1.955e-07,0,0
2.4112e+20,1,1.96e-07,1.96e-07,0,0
2.4075e+20,1,1.965e-07,1.965e-07,0,0
2.4038e+20,1,1.97e-07,1.97e-07,0,0
2.4001e+20,1,1.975e-07,1.975e-07,0,0
2.3964e+20,1,1.98e-07,1.98e-07,0,0
2.3927e+20,1,1.985e-07,1.985e-07,0,0
2.389e+20,1,1.99e-07,1.99e-07,0,0
2.3853e+20,1,1.995e-07,1.995e-07,0,0
2.3815e+20,1,2e-07,2e-07,0,0
2.3778e+20,1,2.005e-07,2.005e-07,0,0
2.3741e+20,1,2.01e-07,2.01e-07,0,0
2.3703e+20,1,2.015e-07,2.015e-07,0,0
2.3666e+20,1,2.02e-07,2.02e-07,0,0
2.3628e+20,1,2.025e-07,2.025e-07,0,0
2.359e+20,1,2.03e-07,2.03e-07,0,0
2.3553e+20,1,2.035e-07,2.035e-07,0,0
2.3515e+20,1,2.04e-07,2.04e-07,0,0
2.3477e+20,1,2.045e-07,2.045e-07,0,0
2.344e+20,1,2.05e-07,2.05e-07,0,0
2.3402e+20,1,2.055e-07,2.055e-07,0,0
2.3364e+20,1,2.06e-07,2.06e-07,0,0
2.3326e+20,1,2.065e-07,2.065e-07,0,0
2.3288e+20,1,2.07e-07,2.07e-07,0,0
2.325e+20,1,2.075e-07,2.075e-07,0,0
2.3212e+20,1,2.08e-07,2.08e-07,0,0
2.3174e+20,1,2.085e-07,2.085e-07,0,0
2.3136e+20,1,2.09e-07,2.09e-07,0,0
2.3098e+20,1,2.095e-07,2.095e-07,0,0
2.306e+20,1,2.1e-07,2.1e-07,0,0
2.3022e+20,1,2.105e-07,2.105e-07,0,0
2.2984e+20,1,2.11e-07,2.11e-07,0,0
2.2946e+20,1,2.115e-07,2.115e-07,0,0
2.2908e+20,1,2.12e-07,2.12e-07,0,0
2.2869e+20,1,2.125e-07,2.125e-07,0,0
2.2831e+20,1,2.13e-07,2.13e-07,0,0
2.2793e+20,1,2.135e-07,2.135e-07,0,0
2.2755e+20,1,2.14e-07,2.14e-07,0,0
2.2716e+20,1,2.145e-07,2.145e-07,0,0
2.2678e+20,1,2.15e-07,2.15e-07,0,0
2.264e+20,1,2.155e-07,2.155e-07,0,0
2.2601e+20,1,2.16e-07,2.16e-07,0,0
2.2563e+20,1,2.165e-07,2.165e-07,0,0
2.2525e+20,1,2.17e-07,2.17e-07,0,0
2.2486e+20,1,2.175e-07,2.175e-07,0,0
2.2448e+20,1,2.18e-07,2.18e-07,0,0
2.241e+20,1,2.185e-07,2.185e-07,0,0
2.2371e+20,1,2.19e-07,2.19e-07,0,0
2.2333e+20,1,2.195e-07,2.195e-07,0,0
2.2294e+20,1,2.2e-07,2.2e-07,0,0
2.2256e+20,1,2.205e-07,2.205e-07,0,0
2.2218e+20,1,2.21e-07,2.21e-07,0,0
2.2179e+20,1,2.215e-07,2.215e-07,0,0
2.2141e+20,1,2.22e-07,2.22e-07,0,0
2.2102e+20,1,2.225e-07,2.225e-07,0,0
2.2064e+20,1,2.23e-07,2.23e-07,0,0
2.2025e+20,1,2.235e-07,2.235e-07,0,0
2.1987e+20,1,2.24e-07,2.24e-07,0,0
2.1949e+20,1,2.245e-07,2.245e-07,0,0
2.191e+20,1,2.25e-07,2.25e-07,0,0
2.1872e+20,1,2.255e-07,2.255e-07,0,0
2.1833e+20,1,2.26e-07,2.26e-07,0,0
2.1795e+20,1,2.265e-07,2.265e-07,0,0
2.1756e+20,1,2.27e-07,2.27e-07,0,0
2.1718e+20,1,2.275e-07,2.275e-07,0,0
2.168e+20,1,2.28e-07,2.28e-07,0,0
2.1641e+20,1,2.285e-07,2.285e-07,0,0
2.1603e+20,1,2.29e-07,2.29e-07,0,0
2.1564e+20,1,2.295e-07,2.295e-07,0,0
2.1526e+20,1,2.3e-07,2.3e-07,0,0
2.1488e+20,1,2.305e-07,2.305e-07,0,0
2.1449e+20,1,2.31e-07,2.31e-07,0,0
2.1411e+20,1,2.315e-07,2.315e-07,0,0
2.1372e+20,1,2.32e-07,2.32e-07,0,0
2.1334e+20,1,2.325e-07,2.325e-07,0,0
2.1296e+20,1,2.33e-07,2.33e-07,0,0
2.1258e+20,1,2.335e-07,2.335e-07,0,0
2.1219e+20,1,2.34e-07,2.34e-07,0,0
2.1181e+20,1,2.345e-07,2.345e-07,0,0
2.1143e+20,1,2.35e-07,2.35e-07,0,0
2.1104e+20,1,2.355e-07,2.355e-07,0,0
2.1066e+20,1,2.36e-07,2.36e-07,0,0
2.1028e+20,1,2.365e-07,2.365e-07,0,0
2.099e+20,1,2.37e-07,2.37e-07,0,0
2.0952e+20,1,2.375e-07,2.375e-07,0,0
2.0913e+20,1,2.38e-07,2.38e-07,0,0
2.0875e+20,1,2.385e-07,2.385e-07,0,0
2.0837e+20,1,2.39e-07,2.39e-07,0,0
2.0799e+20,1,2.395e-07,2.395e-07,0,0
2.0761e+20,1,2.4e-07,2.4e-07,0,0
2.0723e+20,1,2.405e-07,2.405e-07,0,0
2.0685e+20,1,2.41e-07,2.41e-07,0,0
2.0647e+20,1,2.415e-07,2.415e-07,0,0
2.0609e+20,1,2.42e-07,2.42e-07,0,0
2.0571e+20,1,2.425e-07,2.425e-07,0,0
2.0533e+20,1,2.43e-07,2.43e-07,0,0
2.0495e+20,1,2.435e-07,2.435e-07,0,0
2.0457e+20,1,2.44e-07,2.44e-07,0,0
2.0419e+20,1,2.445e-07,2.445e-07,0,0
2.0382e+20,1,2.45e-07,2.45e-07,0,0
2.0344e+20,1,2.455e-07,2.455e-07,0,0
2.0306e+20,1,2.46e-07,2.46e-07,0,0
2.0268e+20,1,2.465e-07,2.465e-07,0,0
2.0231e+20,1,2.47e-07,2.47e-07,0,0
2.0193e+20,1,2.475e-07,2.475e-07,0,0
2.0155e+20,1,2.48e-07,2.48e-07,0,0
2.0118e+20,1,2.485e-07,2.485e-07,0,0
2.008e+20,1,2.49e-07,2.49e-07,0,0
2.0043e+20,1,2.495e-07,2.495e-07,0,0
2.0005e+20,1,2.5e-07,2.5e-07,0,0
1.9968e+20,1,2.505e-07,2.505e-07,0,0
1.993e+20,1,2.51e-07,2.51e-07,0,0
1.9893e+20,1,2.515e-07,2.515e-07,0,0
1.9855e+20,1,2.52e-07,2.52e-07,0,0
1.9818e+20,1,2.525e-07,2.525e-07,0,0
1.9781e+20,1,2.53e-07,2.53e-07,0,0
1.9743e+20,1,2.535e-07,2.535e-07,0,0
1.9706e+20,1,2.54e-07,2.54e-07,0,0
1.9669e+20,1,2.545e-07,2.545e-07,0,0
1.9632e+20,1,2.55e-07,2.55e-07,0,0
1.9594e+20,1,2.555e-07,2.555e-07,0,0
1.9557e+20,1,2.56e-07,2.56e-07,0,0
1.952e+20,1,2.565e-07,2.565e-07,0,0
1.9483e+20,1,2.57e-07,2.57e-07,0,0
1.9446e+20,1,2.575e-07,2.575e-07,0,0
1.9409e+20,1,2.58e-07,2.58e-07,0,0
1.9372e+20,1,2.585e-07,2.585e-07,0,0
1.9335e+20,1,2.59e-07,2.59e-07,0,0
1.9299e+20,1,2.595e-07,2.595e-07,0,0
1.9262e+20,1,2.6e-07,2.6e-07,0,0
1.9225e+20,1,2.605e-07,2.605e-07,0,0
1.9188e+20,1,2.61e-07,2.61e-07,0,0
1.9152e+20,1,2.615e-07,2.615e-07,0,0
1.9115e+20,1,2.62e-07,2.62e-07,0,0
1.9078e+20,1,2.625e-07,2.625e-07,0,0
1.9042e+20,1,2.63e-07,2.63e-07,0,0
1.9005e+20,1,2.635e-07,2.635e-07,0,0
1.8969e+20,1,2.64e-07,2.64e-07,0,0
1.8933e+20,1,2.645e-07,2.645e-07,0,0
1.8896e+20,1,2.65e-07,2.65e-07,0,0
1.886e+20,1,2.655e-07,2.655e-07,0,0
1.8824e+20,1,2.66e-07,2.66e-07,0,0
1.8787e+20,1,2.665e-07,2.665e-07,0,0
1.8751e+20,1,2.67e-07,2.67e-07,0,0
1.8715e+20,1,2.675e-07,2.675e-07,0,0
1.8679e+20,1,2.68e-07,2.68e-07,0,0
1.8643e+20,1,2.685e-07,2.685e-07,0,0
1.8607e+20,1,2.69e-07,2.69e-07,0,0
1.8571e+20,1,2.695e-07,2.695e-07,0,0
1.8535e+20,1,2.7e-07,2.7e-07,0,0
1.8499e+20,1,2.705e-07,2.705e-07,0,0
1.8463e+20,1,2.71e-07,2.71e-07,0,0
1.8427e+20,1,2.715e-07,2.715e-07,0,0
1.8392e+20,1,2.72e-07,2.72e-07,0,0
1.8356e+20,1,2.725e-07,2.725e-07,0,0
1.832e+20,1,2.73e-07,2.73e-07,0,0
1.8285e+20,1,2.735e-07,2.735e-07,0,0
1.8249e+20,1,2.74e-07,2.74e-07,0,0
1.8214e+20,1,2.745e-07,2.745e-07,0,0
1.8178e+20,1,2.75e-07,2.75e-07,0,0
1.8143e+20,1,2.755e-07,2.755e-07,0,0
1.8107e+20,1,2.76e-07,2.76e-07,0,0
1.8072e+20,1,2.765e-07,2.765e-07,0,0
1.8037e+20,1,2.77e-07,2.77e-07,0,0
1.8002e+20,1,2.775e-07,2.775e-07,0,0
1.7966e+20,1,2.78e-07,2.78e-07,0,0
1.7931e+20,1,2.785e-07,2.785e-07,0,0
1.7896e+20,1,2.79e-07,2.79e-07,0,0
1.7861e+20,1,2.795e-07,2.795e-07,0,0
1.7826e+20,1,2.8e-07,2.8e-07,0,0
1.7791e+20,1,2.805e-07,2.805e-07,0,0
1.7756e+20,1,2.81e-07,2.81e-07,0,0
1.7722e+20,1,2.815e-07,2.815e-07,0,0
1.7687e+20,1,2.82e-07,2.82e-07,0,0
1.7652e+20,1,2.825e-07,2.825e-07,0,0
1.7618e+20,1,2.83e-07,2.83e-07,0,0
1.7583e+20,1,2.835e-07,2.835e-07,0,0
1.7548e+20,1,2.84e-07,2.84e-07,0,0
1.7514e+20,1,2.845e-07,2.845e-07,0,0
1.748e+20,1,2.85e-07,2.85e-07,0,0
1.7445e+20,1,2.855e-07,2.855e-07,0,0
1.7411e+20,1,2.86e-07,2.86e-07,0,0
1.7377e+20,1,2.865e-07,2.865e-07,0,0
1.7342e+20,1,2.87e-07,2.87e-07,0,0
1.7308e+20,1,2.875e-07,2.875e-07,0,0
1.7274e+20,1,2.88e-07,2.88e-07,0,0
1.724e+20,1,2.885e-07,2.885e-07,0,0
1.7206e+20,1,2.89e-07,2.89e-07,0,0
1.7172e+20,1,2.895e-07,2.895e-07,0,0
1.7138e+20,1,2.9e-07,2.9e-07,0,0
1.7104e+20,1,2.905e-07,2.905e-07,0,0
1.707e+20,1,2.91e-07,2.91e-07,0,0
1.7037e+20,1,2.915e-07,2.915e-07,0,0
1.7003e+20,1,2.92e-07,2.92e-07,0,0
1.6969e+20,1,2.925e-07,2.925e-07,0,0
1.6936e+20,1,2.93e-07,2.93e-07,0,0
1.6902e+20,1,2.935e-07,2.935e-07,0,0
1.6869e+20,1,2.94e-07,2.94e-07,0,0
1.6835e+20,1,2.945e-07,2.945e-07,0,0
1.6802e+20,1,2.95e-07,2.95e-07,0,0
1.6769e+20,1,2.955e-07,2.955e-07,0,0
1.6735e+20,1,2.96e-07,2.96e-07,0,0
1.6702e+20,1,2.965e-07,2.965e-07,0,0
1.6669e+20,1,2.97e-07,2.97e-07,0,0
1.6636e+20,1,2.975e-07,2.975e-07,0,0
1.6603e+20,1,2.98e-07,2.98e-07,0,0
1.657e+20,1,2.985e-07,2.985e-07,0,0
1.6537e+20,1,2.99e-07,2.99e-07,0,0
1.6504e+20,1,2.995e-07,2.995e-07,0,0
1.6472e+20,1,3e-07,3e-07,0,0
1.6439e+20,1,3.005e-07,3.005e-07,0,0
1.6406e+20,1,3.01e-07,3.01e-07,0,0
1.6373e+20,1,3.015e-07,3.015e-07,0,0
1.6341e+20,1,3.02e-07,3.02e-07,0,0
1.6308e+20,1,3.025e-07,3.025e-07,0,0
1.6276e+20,1,3.03e-07,3.03e-07,0,0
1.6244e+20,1,3.035e-07,3.035e-07,0,0
1.6211e+20,1,3.04e-07,3.04e-07,0,0
1.6179e+20,1,3.045e-07,3.045e-07,0,0
1.6147e+20,1,3.05e-07,3.05e-07,0,0
1.6115e+20,1,3.055e-07,3.055e-07,0,0
1.6082e+20,1,3.06e-07,3.06e-07,0,0
1.605e+20,1,3.065e-07,3.065e-07,0,0
1.6018e+20,1,3.07e-07,3.07e-07,0,0
1.5986e+20,1,3.075e-07,3.075e-07,0,0
1.5955e+20,1,3.08e-07,3.08e-07,0,0
1.5923e+20,1,3.085e-07,3.085e-07,0,0
1.5891e+20,1,3.09e-07,3.09e-07,0,0
1.5859e+20,1,3.095e-07,3.095e-07,0,0
1.5828e+20,1,3.1e-07,3.1e-07,0,0
1.5796e+20,1,3.105e-07,3.105e-07,0,0
1.5764e+20,1,3.11e-07,3.11e-07,0,0
1.5733e+20,1,3.115e-07,3.115e-07,0,0
1.5702e+20,1,3.12e-07,3.12e-07,0,0
1.567e+20,1,3.125e-07,3.125e-07,0,0
1.5639e+20,1,3.13e-07,3.13e-07,0,0
1.5608e+20,1,3.135e-07,3.135e-07,0,0
1.5576e+20,1,3.14e-07,3.14e-07,0,0
1.5545e+20,1,3.145e-07,3.145e-07,0,0
1.5514e+20,1,3.15e-07,3.15e-07,0,0
1.5483e+20,1,3.155e-07,3.155e-07,0,0
1.5452e+20,1,3.16e-07,3.16e-07,0,0
1.5421e+20,1,3.165e-07,3.165e-07,0,0
1.539e+20,1,3.17e-07,3.17e-07,0,0
1.536e+20,1,3.175e-07,3.175e-07,0,0
1.5329e+20,1,3.18e-07,3.18e-07,0,0
1.5298e+20,1,3.185e-07,3.185e-07,0,0
1.5268e+20,1,3.19e-07,3.19e-07,0,0
1.5237e+20,1,3.195e-07,3.195e-07,0,0
1.5207e+20,1,3.2e-07,3.2e-07,0,0
1.5176e+20,1,3.205e-07,3.205e-07,0,0
1.5146e+20,1,3.21e-07,3.21e-07,0,0
1.5116e+20,1,3.215e-07,3.215e-07,0,0
1.5085e+20,1,3.22e-07,3.22e-07,0,0
1.5055e+20,1,3.225e-07,3.225e-07,0,0
1.5025e+20,1,3.23e-07,3.23e-07,0,0
1.4995e+20,1,3.235e-07,3.235e-07,0,0
1.4965e+20,1,3.24e-07,3.24e-07,0,0
1.4935e+20,1,3.245e-07,3.245e-07,0,0
1.4905e+20,1,3.25e-07,3.25e-07,0,0
1.4875e+20,1,3.255e-07,3.255e-07,0,0
1.4845e+20,1,3.26e-07,3.26e-07,0,0
1.4816e+20,1,3.265e-07,3.265e-07,0,0
1.4786e+20,1,3.27e-07,3.27e-07,0,0
1.4756e+20,1,3.275e-07,3.275e-07,0,0
1.4727e+20,1,3.28e-07,3.28e-07,0,0
1.4697e+20,1,3.285e-07,3.285e-07,0,0
1.4668e+20,1,3.29e-07,3.29e-07,0,0
1.4638e+20,1,3.295e-07,3.295e-07,0,0
1.4609e+20,1,3.3e-07,3.3e-07,0,0
1.458e+20,1,3.305e-07,3.305e-07,0,0
1.4551e+20,1,3.31e-07,3.31e-07,0,0
1.4521e+20,1,3.315e-07,3.315e-07,0,0
1.4492e+20,1,3.32e-07,3.32e-07,0,0
1.4463e+20,1,3.325e-07,3.325e-07,0,0
1.4434e+20,1,3.33e-07,3.33e-07,0,0
1.4405e+20,1,3.335e-07,3.335e-07,0,0
1.4377e+20,1,3.34e-07,3.34e-07,0,0
1.4348e+20,1,3.345e-07,3.345e-07,0,0
1.4319e+20,1,3.35e-07,3.35e-07,0,0
1.429e+20,1,3.355e-07,3.355e-07,0,0
1.4262e+20,1,3.36e-07,3.36e-07,0,0
1.4233e+20,1,3.365e-07,3.365e-07,0,0
1.4205e+20,1,3.37e-07,3.37e-07,0,0
1.4176e+20,1,3.375e-07,3.375e-07,0,0
1.4148e+20,1,3.38e-07,3.38e-07,0,0
1.412e+20,1,3.385e-07,3.385e-07,0,0
1.4091e+20,1,3.39e-07,3.39e-07,0,0
1.4063e+20,1,3.395e-07,3.395e-07,0,0
1.4035e+20,1,3.4e-07,3.4e-07,0,0
1.4007e+20,1,3.405e-07,3.405e-07,0,0
1.3979e+20,1,3.41e-07,3.41e-07,0,0
1.3951e+20,1,3.415e-07,3.415e-07,0,0
1.3923e+20,1,3.42e-07,3.42e-07,0,0
1.3895e+20,1,3.425e-07,3.425e-07,0,0
1.3867e+20,1,3.43e-07,3.43e-07,0,0
1.3839e+20,1,3.435e-07,3.435e-07,0,0
1.3812e+20,1,3.44e-07,3.44e-07,0,0
1.3784e+20,1,3.445e-07,3.445e-07,0,0
1.3756e+20,1,3.45e-07,3.45e-07,0,0
1.3729e+20,1,3.455e-07,3.455e-07,0,0
1.3701e+20,1,3.46e-07,3.46e-07,0,0
1.3674e+20,1,3.465e-07,3.465e-07,0,0
1.3647e+20,1,3.47e-07,3.47e-07,0,0
1.3619e+20,1,3.475e-07,3.475e-07,0,0
1.3592e+20,1,3.48e-07,3.48e-07,0,0
1.3565e+20,1,3.485e-07,3.485e-07,0,0
1.3538e+20,1,3.49e-07,3.49e-07,0,0
1.3511e+20,1,3.495e-07,3.495e-07,0,0
1.3484e+20,1,3.5e-07,3.5e-07,0,0
1.3457e+20,1,3.505e-07,3.505e-07,0,0
1.343e+20,1,3.51e-07,3.51e-07,0,0
1.3403e+20,1,3.515e-07,3.515e-07,0,0
1.3376e+20,1,3.52e-07,3.52e-07,0,0
1.335e+20,1,3.525e-07,3.525e-07,0,0
1.3323e+20,1,3.53e-07,3.53e-07,0,0
1.3296e+20,1,3.535e-07,3.535e-07,0,0
1.327e+20,1,3.54e-07,3.54e-07,0,0
1.3243e+20,1,3.545e-07,3.545e-07,0,0
1.3217e+20,1,3.55e-07,3.55e-07,0,0
1.3191e+20,1,3.555e-07,3.555e-07,0,0
1.3164e+20,1,3.56e-07,3.56e-07,0,0
1.3138e+20,1,3.565e-07,3.565e-07,0,0
1.3112e+20,1,3.57e-07,3.57e-07,0,0
1.3086e+20,1,3.575e-07,3.575e-07,0,0
1.3059e+20,1,3.58e-07,3.58e-07,0,0
1.3033e+20,1,3.585e-07,3.585e-07,0,0
1.3007e+20,1,3.59e-07,3.59e-07,0,0
1.2982e+20,1,3.595e-07,3.595e-07,0,0
1.2956e+20,1,3.6e-07,3.6e-07,0,0
1.293e+20,1,3.605e-07,3.605e-07,0,0
1.2904e+20,1,3.61e-07,3.61e-07,0,0
1.2878e+20,1,3.615e-07,3.615e-07,0,0
1.2853e+20,1,3.62e-07,3.62e-07,0,0
1.2827e+20,1,3.625e-07,3.625e-07,0,0
1.2802e+20,1,3.63e-07,3.63e-07,0,0
1.2776e+20,1,3.635e-07,3.635e-07,0,0
1.2751e+20,1,3.64e-07,3.64e-07,0,0
1.2725e+20,1,3.645e-07,3.645e-07,0,0
1.27e+20,1,3.65e-07,3.65e-07,0,0
1.2675e+20,1,3.655e-07,3.655e-07,0,0
1.265e+20,1,3.66e-07,3.66e-07,0,0
1.2624e+20,1,3.665e-07,3.665e-07,0,0
1.2599e+20,1,3.67e-07,3.67e-07,0,0
1.2574e+20,1,3.675e-07,3.675e-07,0,0
1.2549e+20,1,3.68e-07,3.68e-07,0,0
1.2524e+20,1,3.685e-07,3.685e-07,0,0
1.2499e+20,1,3.69e-07,3.69e-07,0,0
1.2475e+20,1,3.695e-07,3.695e-07,0,0
1.245e+20,1,3.7e-07,3.7e-07,0,0
1.2425e+20,1,3.705e-07,3.705e-07,0,0
1.2401e+20,1,3.71e-07,3.71e-07,0,0
1.2376e+20,1,3.715e-07,3.715e-07,0,0
1.2351e+20,1,3.72e-07,3.72e-07,0,0
1.2327e+20,1,3.725e-07,3.725e-07,0,0
1.2302e+20,1,3.73e-07,3.73e-07,0,0
1.2278e+20,1,3.735e-07,3.735e-07,0,0
1.2254e+20,1,3.74e-07,3.74e-07,0,0
1.223e+20,1,3.745e-07,3.745e-07,0,0
1.2205e+20,1,3.75e-07,3.75e-07,0,0
1.2181e+20,1,3.755e-07,3.755e-07,0,0
1.2157e+20,1,3.76e-07,3.76e-07,0,0
1.2133e+20,1,3.765e-07,3.765e-07,0,0
1.2109e+20,1,3.77e-07,3.77e-07,0,0
1.2085e+20,1,3.775e-07,3.775e-07,0,0
1.2061e+20,1,3.78e-07,3.78e-07,0,0
1.2037e+20,1,3.785e-07,3.785e-07,0,0
1.2013e+20,1,3.79e-07,3.79e-07,0,0
1.199e+20,1,3.795e-07,3.795e-07,0,0
1.1966e+20,1,3.8e-07,3.8e-07,0,0
1.1942e+20,1,3.805e-07,3.805e-07,0,0
1.1919e+20,1,3.81e-07,3.81e-07,0,0
1.1895e+20,1,3.815e-07,3.815e-07,0,0
1.1872e+20,1,3.82e-07,3.82e-07,0,0
1.1848e+20,1,3.825e-07,3.825e-07,0,0
1.1825e+20,1,3.83e-07,3.83e-07,0,0
1.1802e+20,1,3.835e-07,3.835e-07,0,0
1.1778e+20,1,3.84e-07,3.84e-07,0,0
1.1755e+20,1,3.845e-07,3.845e-07,0,0
1.1732e+20,1,3.85e-07,3.85e-07,0,0
1.1709e+20,1,3.855e-07,3.855e-07,0,0
1.1686e+20,1,3.86e-07,3.86e-07,0,0
1.1663e+20,1,3.865e-07,3.865e-07,0,0
1.164e+20,1,3.87e-07,3.87e-07,0,0
1.1617e+20,1,3.875e-07,3.875e-07,0,0
1.1594e+20,1,3.88e-07,3.88e-07,0,0
1.1571e+20,1,3.885e-07,3.885e-07,0,0
1.1549e+20,1,3.89e-07,3.89e-07,0,0
1.1526e+20,1,3.895e-07,3.895e-07,0,0
1.1503e+20,1,3.9e-07,3.9e-07,0,0
1.1481e+20,1,3.905e-07,3.905e-07,0,0
1.1458e+20,1,3.91e-07,3.91e-07,0,0
1.1436e+20,1,3.915e-07,3.915e-07,0,0
1.1413e+20,1,3.92e-07,3.92e-07,0,0
1.1391e+20,1,3.925e-07,3.925e-07,0,0
1.1369e+20,1,3.93e-07,3.93e-07,0,0
1.1346e+20,1,3.935e-07,3.935e-07,0,0
1.1324e+20,1,3.94e-07,3.94e-07,0,0
1.1302e+20,1,3.945e-07,3.945e-07,0,0
1.128e+20,1,3.95e-07,3.95e-07,0,0
1.1258e+20,1,3.955e-07,3.955e-07,0,0
1.1236e+20,1,3.96e-07,3.96e-07,0,0
1.1214e+20,1,3.965e-07,3.965e-07,0,0
1.1192e+20,1,3.97e-07,3.97e-07,0,0
1.117e+20,1,3.975e-07,3.975e-07,0,0
1.1148e+20,1,3.98e-07,3.98e-07,0,0
1.1126e+20,1,3.985e-07,3.985e-07,0,0
1.1105e+20,1,3.99e-07,3.99e-07,0,0
1.1083e+20,1,3.995e-07,3.995e-07,0,0
1.1061e+20,1,4e-07,4e-07,0,0
1.104e+20,1,4.005e-07,4.005e-07,0,0
1.1018e+20,1,4.01e-07,4.01e-07,0,0
1.0997e+20,1,4.015e-07,4.015e-07,0,0
1.0976e+20,1,4.02e-07,4.02e-07,0,0
1.0954e+20,1,4.025e-07,4.025e-07,0,0
1.0933e+20,1,4.03e-07,4.03e-07,0,0
1.0912e+20,1,4.035e-07,4.035e-07,0,0
1.089e+20,1,4.04e-07,4.04e-07,0,0
1.0869e+20,1,4.045e-07,4.045e-07,0,0
1.0848e+20,1,4.05e-07,4.05e-07,0,0
1.0827e+20,1,4.055e-07,4.055e-07,0,0
1.0806e+20,1,4.06e-07,4.06e-07,0,0
1.0785e+20,1,4.065e-07,4.065e-07,0,0
1.0764e+20,1,4.07e-07,4.07e-07,0,0
1.0743e+20,1,4.075e-07,4.075e-07,0,0
1.0722e+20,1,4.08e-07,4.08e-07,0,0
1.0702e+20,1,4.085e-07,4.085e-07,0,0
1.0681e+20,1,4.09e-07,4.09e-07,0,0
1.066e+20,1,4.095e-07,4.095e-07,0,0
1.0639e+20,1,4.1e-07,4.1e-07,0,0
1.0619e+20,1,4.105e-07,4.105e-07,0,0
1.0598e+20,1,4.11e-07,4.11e-07,0,0
1.0578e+20,1,4.115e-07,4.115e-07,0,0
1.0557e+20,1,4.12e-07,4.12e-07,0,0
1.0537e+20,1,4.125e-07,4.125e-07,0,0
1.0517e+20,1,4.13e-07,4.13e-07,0,0
1.0496e+20,1,4.135e-07,4.135e-07,0,0
1.0476e+20,1,4.14e-07,4.14e-07,0,0
1.0456e+20,1,4.145e-07,4.145e-07,0,0
1.0436e+20,1,4.15e-07,4.15e-07,0,0
1.0416e+20,1,4.155e-07,4.155e-07,0,0
1.0395e+20,1,4.16e-07,4.16e-07,0,0
1.0375e+20,1,4.165e-07,4.165e-07,0,0
1.0355e+20,1,4.17e-07,4.17e-07,0,0
1.0336e+20,1,4.175e-07,4.175e-07,0,0
1.0316e+20,1,4.18e-07,4.18e-07,0,0
1.0296e+20,1,4.185e-07,4.185e-07,0,0
1.0276e+20,1,4.19e-07,4.19e-07,0,0
1.0256e+20,1,4.195e-07,4.195e-07,0,0
1.0237e+20,1,4.2e-07,4.2e-07,0,0
1.0217e+20,1,4.205e-07,4.205e-07,0,0
1.0197e+20,1,4.21e-07,4.21e-07,0,0
1.0178e+20,1,4.215e-07,4.215e-07,0,0
1.0158e+20,1,4.22e-07,4.22e-07,0,0
1.0139e+20,1,4.225e-07,4.225e-07,0,0
1.0119e+20,1,4.23e-07,4.23e-07,0,0
1.01e+20,1,4.235e-07,4.235e-07,0,0
1.0081e+20,1,4.24e-07,4.24e-07,0,0
1.0061e+20,1,4.245e-07,4.245e-07,0,0
1.0042e+20,1,4.25e-07,4.25e-07,0,0
1.0023e+20,1,4.255e-07,4.255e-07,0,0
1.0004e+20,1,4.26e-07,4.26e-07,0,0
9.9848e+19,1,4.265e-07,4.265e-07,0,0
9.9657e+19,1,4.27e-07,4.27e-07,0,0
9.9467e+19,1,4.275e-07,4.275e-07,0,0
9.9277e+19,1,4.28e-07,4.28e-07,0,0
9.9088e+19,1,4.285e-07,4.285e-07,0,0
9.8899e+19,1,4.29e-07,4.29e-07,0,0
9.8711e+19,1,4.295e-07,4.295e-07,0,0
9.8523e+19,1,4.3e-07,4.3e-07,0,0
9.8336e+19,1,4.305e-07,4.305e-07,0,0
9.8149e+19,1,4.31e-07,4.31e-07,0,0
9.7962e+19,1,4.315e-07,4.315e-07,0,0
9.7776e+19,1,4.32e-07,4.32e-07,0,0
9.759e+19,1,4.325e-07,4.325e-07,0,0
9.7405e+19,1,4.33e-07,4.33e-07,0,0
9.722e+19,1,4.335e-07,4.335e-07,0,0
9.7036e+19,1,4.34e-07,4.34e-07,0,0
9.6852e+19,1,4.345e-07,4.345e-07,0,0
9.6668e+19,1,4.35e-07,4.35e-07,0,0
9.6485e+19,1,4.355e-07,4.355e-07,0,0
9.6303e+19,1,4.36e-07,4.36e-07,0,0
9.612e+19,1,4.365e-07,4.365e-07,0,0
9.5939e+19,1,4.37e-07,4.37e-07,0,0
9.5757e+19,1,4.375e-07,4.375e-07,0,0
9.5577e+19,1,4.38e-07,4.38e-07,0,0
9.5396e+19,1,4.385e-07,4.385e-07,0,0
9.5216e+19,1,4.39e-07,4.39e-07,0,0
9.5036e+19,1,4.395e-07,4.395e-07,0,0
9.4857e+19,1,4.4e-07,4.4e-07,0,0
9.4678e+19,1,4.405e-07,4.405e-07,0,0
9.45e+19,1,4.41e-07,4.41e-07,0,0
9.4322e+19,1,4.415e-07,4.415e-07,0,0
9.4145e+19,1,4.42e-07,4.42e-07,0,0
9.3968e+19,1,4.425e-07,4.425e-07,0,0
9.3791e+19,1,4.43e-07,4.43e-07,0,0
9.3615e+19,1,4.435e-07,4.435e-07,0,0
9.3439e+19,1,4.44e-07,4.44e-07,0,0
9.3263e+19,1,4.445e-07,4.445e-07,0,0
9.3089e+19,1,4.45e-07,4.45e-07,0,0
9.2914e+19,1,4.455e-07,4.455e-07,0,0
9.274e+19,1,4.46e-07,4.46e-07,0,0
9.2566e+19,1,4.465e-07,4.465e-07,0,0
9.2393e+19,1,4.47e-07,4.47e-07,0,0
9.222e+19,1,4.475e-07,4.475e-07,0,0
9.2047e+19,1,4.48e-07,4.48e-07,0,0
9.1875e+19,1,4.485e-07,4.485e-07,0,0
9.1704e+19,1,4.49e-07,4.49e-07,0,0
9.1532e+19,1,4.495e-07,4.495e-07,0,0
9.1361e+19,1,4.5e-07,4.5e-07,0,0
9.1191e+19,1,4.505e-07,4.505e-07,0,0
9.1021e+19,1,4.51e-07,4.51e-07,0,0
9.0851e+19,1,4.515e-07,4.515e-07,0,0
9.0682e+19,1,4.52e-07,4.52e-07,0,0
9.0513e+19,1,4.525e-07,4.525e-07,0,0
9.0345e+19,1,4.53e-07,4.53e-07,0,0
9.0177e+19,1,4.535e-07,4.535e-07,0,0
9.0009e+19,1,4.54e-07,4.54e-07,0,0
8.9842e+19,1,4.545e-07,4.545e-07,0,0
8.9675e+19,1,4.55e-07,4.55e-07,0,0
8.9509e+19,1,4.555e-07,4.555e-07,0,0
8.9343e+19,1,4.56e-07,4.56e-07,0,0
8.9177e+19,1,4.565e-07,4.565e-07,0,0
8.9012e+19,1,4.57e-07,4.57e-07,0,0
8.8847e+19,1,4.575e-07,4.575e-07,0,0
8.8682e+19,1,4.58e-07,4.58e-07,0,0
8.8518e+19,1,4.585e-07,4.585e-07,0,0
8.8355e+19,1,4.59e-07,4.59e-07,0,0
8.8191e+19,1,4.595e-07,4.595e-07,0,0
8.8028e+19,1,4.6e-07,4.6e-07,0,0
8.7866e+19,1,4.605e-07,4.605e-07,0,0
8.7704e+19,1,4.61e-07,4.61e-07,0,0
8.7542e+19,1,4.615e-07,4.615e-07,0,0
8.7381e+19,1,4.62e-07,4.62e-07,0,0
8.722e+19,1,4.625e-07,4.625e-07,0,0
8.7059e+19,1,4.63e-07,4.63e-07,0,0
8.6899e+19,1,4.635e-07,4.635e-07,0,0
8.6739e+19,1,4.64e-07,4.64e-07,0,0
8.658e+19,1,4.645e-07,4.645e-07,0,0
8.6421e+19,1,4.65e-07,4.65e-07,0,0
8.6262e+19,1,4.655e-07,4.655e-07,0,0
8.6104e+19,1,4.66e-07,4.66e-07,0,0
8.5946e+19,1,4.665e-07,4.665e-07,0,0
8.5788e+19,1,4.67e-07,4.67e-07,0,0
8.5631e+19,1,4.675e-07,4.675e-07,0,0
8.5475e+19,1,4.68e-07,4.68e-07,0,0
8.5318e+19,1,4.685e-07,4.685e-07,0,0
8.5162e+19,1,4.69e-07,4.69e-07,0,0
8.5006e+19,1,4.695e-07,4.695e-07,0,0
8.4851e+19,1,4.7e-07,4.7e-07,0,0
8.4696e+19,1,4.705e-07,4.705e-07,0,0
8.4542e+19,1,4.71e-07,4.71e-07,0,0
8.4388e+19,1,4.715e-07,4.715e-07,0,0
8.4234e+19,1,4.72e-07,4.72e-07,0,0
8.408e+19,1,4.725e-07,4.725e-07,0,0
8.3927e+19,1,4.73e-07,4.73e-07,0,0
8.3775e+19,1,4.735e-07,4.735e-07,0,0
8.3622e+19,1,4.74e-07,4.74e-07,0,0
8.347e+19,1,4.745e-07,4.745e-07,0,0
8.3319e+19,1,4.75e-07,4.75e-07,0,0
8.3167e+19,1,4.755e-07,4.755e-07,0,0
8.3017e+19,1,4.76e-07,4.76e-07,0,0
8.2866e+19,1,4.765e-07,4.765e-07,0,0
8.2716e+19,1,4.77e-07,4.77e-07,0,0
8.2566e+19,1,4.775e-07,4.775e-07,0,0
8.2417e+19,1,4.78e-07,4.78e-07,0,0
8.2268e+19,1,4.785e-07,4.785e-07,0,0
8.2119e+19,1,4.79e-07,4.79e-07,0,0
8.197e+19,1,4.795e-07,4.795e-07,0,0
8.1823e+19,1,4.8e-07,4.8e-07,0,0
8.1675e+19,1,4.805e-07,4.805e-07,0,0
8.1528e+19,1,4.81e-07,4.81e-07,0,0
8.1381e+19,1,4.815e-07,4.815e-07,0,0
8.1234e+19,1,4.82e-07,4.82e-07,0,0
8.1088e+19,1,4.825e-07,4.825e-07,0,0
8.0942e+19,1,4.83e-07,4.83e-07,0,0
8.0796e+19,1,4.835e-07,4.835e-07,0,0
8.0651e+19,1,4.84e-07,4.84e-07,0,0
8.0506e+19,1,4.845e-07,4.845e-07,0,0
8.0362e+19,1,4.85e-07,4.85e-07,0,0
8.0218e+19,1,4.855e-07,4.855e-07,0,0
8.0074e+19,1,4.86e-07,4.86e-07,0,0
7.993e+19,1,4.865e-07,4.865e-07,0,0
7.9787e+19,1,4.87e-07,4.87e-07,0,0
7.9644e+19,1,4.875e-07,4.875e-07,0,0
7.9502e+19,1,4.88e-07,4.88e-07,0,0
7.936e+19,1,4.885e-07,4.885e-07,0,0
7.9218e+19,1,4.89e-07,4.89e-07,0,0
7.9077e+19,1,4.895e-07,4.895e-07,0,0
7.8936e+19,1,4.9e-07,4.9e-07,0,0
7.8795e+19,1,4.905e-07,4.905e-07,0,0
7.8654e+19,1,4.91e-07,4.91e-07,0,0
7.8514e+19,1,4.915e-07,4.915e-07,0,0
7.8375e+19,1,4.92e-07,4.92e-07,0,0
7.8235e+19,1,4.925e-07,4.925e-07,0,0
7.8096e+19,1,4.93e-07,4.93e-07,0,0
7.7957e+19,1,4.935e-07,4.935e-07,0,0
7.7819e+19,1,4.94e-07,4.94e-07,0,0
7.7681e+19,1,4.945e-07,4.945e-07,0,0
7.7543e+19,1,4.95e-07,4.95e-07,0,0
7.7406e+19,1,4.955e-07,4.955e-07,0,0
7.7269e+19,1,4.96e-07,4.96e-07,0,0
7.7132e+19,1,4.965e-07,4.965e-07,0,0
7.6995e+19,1,4.97e-07,4.97e-07,0,0
7.6859e+19,1,4.975e-07,4.975e-07,0,0
7.6724e+19,1,4.98e-07,4.98e-07,0,0
7.6588e+19,1,4.985e-07,4.985e-07,0,0
7.6453e+19,1,4.99e-07,4.99e-07,0,0
7.6318e+19,1,4.995e-07,4.995e-07,0,0
7.6184e+19,1,5e-07,5e-07,0,0
