"ib","vtkValidPointMask","arc_length","Points:0","Points:1","Points:2"
-52398,1,0,0,0,0
2.605e+06,1,5e-10,5e-10,0,0
6.6078e+06,1,1e-09,1e-09,0,0
1.0329e+07,1,1.5e-09,1.5e-09,0,0
1.2842e+07,1,2e-09,2e-09,0,0
1.4061e+07,1,2.5e-09,2.5e-09,0,0
1.4465e+07,1,3e-09,3e-09,0,0
1.4529e+07,1,3.5e-09,3.5e-09,0,0
1.4498e+07,1,4e-09,4e-09,0,0
1.4449e+07,1,4.5e-09,4.5e-09,0,0
1.4397e+07,1,5e-09,5e-09,0,0
1.4346e+07,1,5.5e-09,5.5e-09,0,0
1.4294e+07,1,6e-09,6e-09,0,0
1.4243e+07,1,6.5e-09,6.5e-09,0,0
1.4192e+07,1,7e-09,7e-09,0,0
1.4141e+07,1,7.5e-09,7.5e-09,0,0
1.4091e+07,1,8e-09,8e-09,0,0
1.404e+07,1,8.5e-09,8.5e-09,0,0
1.399e+07,1,9e-09,9e-09,0,0
1.3939e+07,1,9.5e-09,9.5e-09,0,0
1.3889e+07,1,1e-08,1e-08,0,0
1.3839e+07,1,1.05e-08,1.05e-08,0,0
1.379e+07,1,1.1e-08,1.1e-08,0,0
1.374e+07,1,1.15e-08,1.15e-08,0,0
1.3691e+07,1,1.2e-08,1.2e-08,0,0
1.3641e+07,1,1.25e-08,1.25e-08,0,0
1.3592e+07,1,1.3e-08,1.3e-08,0,0
1.3543e+07,1,1.35e-08,1.35e-08,0,0
1.3494e+07,1,1.4e-08,1.4e-08,0,0
1.3446e+07,1,1.45e-08,1.45e-08,0,0
1.3397e+07,1,1.5e-08,1.5e-08,0,0
1.3349e+07,1,1.55e-08,1.55e-08,0,0
1.3301e+07,1,1.6e-08,1.6e-08,0,0
1.3253e+07,1,1.65e-08,1.65e-08,0,0
1.3205e+07,1,1.7e-08,1.7e-08,0,0
1.3157e+07,1,1.75e-08,1.75e-08,0,0
1.3109e+07,1,1.8e-08,1.8e-08,0,0
1.3062e+07,1,1.85e-08,1.85e-08,0,0
1.3015e+07,1,1.9e-08,1.9e-08,0,0
1.2967e+07,1,1.95e-08,1.95e-08,0,0
1.292e+07,1,2e-08,2e-08,0,0
1.2873e+07,1,2.05e-08,2.05e-08,0,0
1.2827e+07,1,2.1e-08,2.1e-08,0,0
1.278e+07,1,2.15e-08,2.15e-08,0,0
1.2734e+07,1,2.2e-08,2.2e-08,0,0
1.2687e+07,1,2.25e-08,2.25e-08,0,0
1.2641e+07,1,2.3e-08,2.3e-08,0,0
1.2595e+07,1,2.35e-08,2.35e-08,0,0
1.255e+07,1,2.4e-08,2.4e-08,0,0
1.2504e+07,1,2.45e-08,2.45e-08,0,0
1.2458e+07,1,2.5e-08,2.5e-08,0,0
1.2413e+07,1,2.55e-08,2.55e-08,0,0
1.2368e+07,1,2.6e-08,2.6e-08,0,0
1.2323e+07,1,2.65e-08,2.65e-08,0,0
1.2278e+07,1,2.7e-08,2.7e-08,0,0
1.2233e+07,1,2.75e-08,2.75e-08,0,0
1.2188e+07,1,2.8e-08,2.8e-08,0,0
1.2144e+07,1,2.85e-08,2.85e-08,0,0
1.21e+07,1,2.9e-08,2.9e-08,0,0
1.2056e+07,1,2.95e-08,2.95e-08,0,0
1.2012e+07,1,3e-08,3e-08,0,0
1.1968e+07,1,3.05e-08,3.05e-08,0,0
1.1924e+07,1,3.1e-08,3.1e-08,0,0
1.188e+07,1,3.15e-08,3.15e-08,0,0
1.1837e+07,1,3.2e-08,3.2e-08,0,0
1.1794e+07,1,3.25e-08,3.25e-08,0,0
1.1751e+07,1,3.3e-08,3.3e-08,0,0
1.1708e+07,1,3.35e-08,3.35e-08,0,0
1.1665e+07,1,3.4e-08,3.4e-08,0,0
1.1622e+07,1,3.45e-08,3.45e-08,0,0
1.158e+07,1,3.5e-08,3.5e-08,0,0
1.1537e+07,1,3.55e-08,3.55e-08,0,0
1.1495e+07,1,3.6e-08,3.6e-08,0,0
1.1453e+07,1,3.65e-08,3.65e-08,0,0
1.1411e+07,1,3.7e-08,3.7e-08,0,0
1.137e+07,1,3.75e-08,3.75e-08,0,0
1.1328e+07,1,3.8e-08,3.8e-08,0,0
1.1287e+07,1,3.85e-08,3.85e-08,0,0
1.1245e+07,1,3.9e-08,3.9e-08,0,0
1.1204e+07,1,3.95e-08,3.95e-08,0,0
1.1163e+07,1,4e-08,4e-08,0,0
1.1123e+07,1,4.05e-08,4.05e-08,0,0
1.1082e+07,1,4.1e-08,4.1e-08,0,0
1.1041e+07,1,4.15e-08,4.15e-08,0,0
1.1001e+07,1,4.2e-08,4.2e-08,0,0
1.0961e+07,1,4.25e-08,4.25e-08,0,0
1.0921e+07,1,4.3e-08,4.3e-08,0,0
1.0881e+07,1,4.35e-08,4.35e-08,0,0
1.0841e+07,1,4.4e-08,4.4e-08,0,0
1.0802e+07,1,4.45e-08,4.45e-08,0,0
1.0762e+07,1,4.5e-08,4.5e-08,0,0
1.0723e+07,1,4.55e-08,4.55e-08,0,0
1.0684e+07,1,4.6e-08,4.6e-08,0,0
1.0645e+07,1,4.65e-08,4.65e-08,0,0
1.0606e+07,1,4.7e-08,4.7e-08,0,0
1.0567e+07,1,4.75e-08,4.75e-08,0,0
1.0529e+07,1,4.8e-08,4.8e-08,0,0
1.049e+07,1,4.85e-08,4.85e-08,0,0
1.0452e+07,1,4.9e-08,4.9e-08,0,0
1.0414e+07,1,4.95e-08,4.95e-08,0,0
1.0376e+07,1,5e-08,5e-08,0,0
1.0338e+07,1,5.05e-08,5.05e-08,0,0
1.0301e+07,1,5.1e-08,5.1e-08,0,0
1.0263e+07,1,5.15e-08,5.15e-08,0,0
1.0226e+07,1,5.2e-08,5.2e-08,0,0
1.0189e+07,1,5.25e-08,5.25e-08,0,0
1.0151e+07,1,5.3e-08,5.3e-08,0,0
1.0115e+07,1,5.35e-08,5.35e-08,0,0
1.0078e+07,1,5.4e-08,5.4e-08,0,0
1.0041e+07,1,5.45e-08,5.45e-08,0,0
1.0005e+07,1,5.5e-08,5.5e-08,0,0
9.9685e+06,1,5.55e-08,5.55e-08,0,0
9.9323e+06,1,5.6e-08,5.6e-08,0,0
9.8963e+06,1,5.65e-08,5.65e-08,0,0
9.8605e+06,1,5.7e-08,5.7e-08,0,0
9.8247e+06,1,5.75e-08,5.75e-08,0,0
9.7892e+06,1,5.8e-08,5.8e-08,0,0
9.7537e+06,1,5.85e-08,5.85e-08,0,0
9.7185e+06,1,5.9e-08,5.9e-08,0,0
9.6833e+06,1,5.95e-08,5.95e-08,0,0
9.6483e+06,1,6e-08,6e-08,0,0
9.6134e+06,1,6.05e-08,6.05e-08,0,0
9.5788e+06,1,6.1e-08,6.1e-08,0,0
9.5442e+06,1,6.15e-08,6.15e-08,0,0
9.5098e+06,1,6.2e-08,6.2e-08,0,0
9.4754e+06,1,6.25e-08,6.25e-08,0,0
9.4414e+06,1,6.3e-08,6.3e-08,0,0
9.4073e+06,1,6.35e-08,6.35e-08,0,0
9.3735e+06,1,6.4e-08,6.4e-08,0,0
9.3398e+06,1,6.45e-08,6.45e-08,0,0
9.3063e+06,1,6.5e-08,6.5e-08,0,0
9.2728e+06,1,6.55e-08,6.55e-08,0,0
9.2395e+06,1,6.6e-08,6.6e-08,0,0
9.2063e+06,1,6.65e-08,6.65e-08,0,0
9.1734e+06,1,6.7e-08,6.7e-08,0,0
9.1405e+06,1,6.75e-08,6.75e-08,0,0
9.1078e+06,1,6.8e-08,6.8e-08,0,0
9.0752e+06,1,6.85e-08,6.85e-08,0,0
9.0427e+06,1,6.9e-08,6.9e-08,0,0
9.0104e+06,1,6.95e-08,6.95e-08,0,0
8.9782e+06,1,7e-08,7e-08,0,0
8.9462e+06,1,7.05e-08,7.05e-08,0,0
8.9143e+06,1,7.1e-08,7.1e-08,0,0
8.8825e+06,1,7.15e-08,7.15e-08,0,0
8.8509e+06,1,7.2e-08,7.2e-08,0,0
8.8194e+06,1,7.25e-08,7.25e-08,0,0
8.788e+06,1,7.3e-08,7.3e-08,0,0
8.7568e+06,1,7.35e-08,7.35e-08,0,0
8.7257e+06,1,7.4e-08,7.4e-08,0,0
8.6947e+06,1,7.45e-08,7.45e-08,0,0
8.6638e+06,1,7.5e-08,7.5e-08,0,0
8.6332e+06,1,7.55e-08,7.55e-08,0,0
8.6026e+06,1,7.6e-08,7.6e-08,0,0
8.5722e+06,1,7.65e-08,7.65e-08,0,0
8.5418e+06,1,7.7e-08,7.7e-08,0,0
8.5117e+06,1,7.75e-08,7.75e-08,0,0
8.4816e+06,1,7.8e-08,7.8e-08,0,0
8.4517e+06,1,7.85e-08,7.85e-08,0,0
8.4219e+06,1,7.9e-08,7.9e-08,0,0
8.3923e+06,1,7.95e-08,7.95e-08,0,0
8.3627e+06,1,8e-08,8e-08,0,0
8.3334e+06,1,8.05e-08,8.05e-08,0,0
8.304e+06,1,8.1e-08,8.1e-08,0,0
8.2749e+06,1,8.15e-08,8.15e-08,0,0
8.2459e+06,1,8.2e-08,8.2e-08,0,0
8.217e+06,1,8.25e-08,8.25e-08,0,0
8.1882e+06,1,8.3e-08,8.3e-08,0,0
8.1596e+06,1,8.35e-08,8.35e-08,0,0
8.1311e+06,1,8.4e-08,8.4e-08,0,0
8.1027e+06,1,8.45e-08,8.45e-08,0,0
8.0744e+06,1,8.5e-08,8.5e-08,0,0
8.0463e+06,1,8.55e-08,8.55e-08,0,0
8.0183e+06,1,8.6e-08,8.6e-08,0,0
7.9904e+06,1,8.65e-08,8.65e-08,0,0
7.9626e+06,1,8.7e-08,8.7e-08,0,0
7.935e+06,1,8.75e-08,8.75e-08,0,0
7.9074e+06,1,8.8e-08,8.8e-08,0,0
7.88e+06,1,8.85e-08,8.85e-08,0,0
7.8527e+06,1,8.9e-08,8.9e-08,0,0
7.8256e+06,1,8.95e-08,8.95e-08,0,0
7.7985e+06,1,9e-08,9e-08,0,0
7.7716e+06,1,9.05e-08,9.05e-08,0,0
7.7448e+06,1,9.1e-08,9.1e-08,0,0
7.7181e+06,1,9.15e-08,9.15e-08,0,0
7.6915e+06,1,9.2e-08,9.2e-08,0,0
7.6651e+06,1,9.25e-08,9.25e-08,0,0
7.6387e+06,1,9.3e-08,9.3e-08,0,0
7.6125e+06,1,9.35e-08,9.35e-08,0,0
7.5864e+06,1,9.4e-08,9.4e-08,0,0
7.5604e+06,1,9.45e-08,9.45e-08,0,0
7.5345e+06,1,9.5e-08,9.5e-08,0,0
7.5087e+06,1,9.55e-08,9.55e-08,0,0
7.4831e+06,1,9.6e-08,9.6e-08,0,0
7.4576e+06,1,9.65e-08,9.65e-08,0,0
7.4321e+06,1,9.7e-08,9.7e-08,0,0
7.4068e+06,1,9.75e-08,9.75e-08,0,0
7.3816e+06,1,9.8e-08,9.8e-08,0,0
7.3565e+06,1,9.85e-08,9.85e-08,0,0
7.3316e+06,1,9.9e-08,9.9e-08,0,0
7.3067e+06,1,9.95e-08,9.95e-08,0,0
7.282e+06,1,1e-07,1e-07,0,0
7.2573e+06,1,1.005e-07,1.005e-07,0,0
7.2328e+06,1,1.01e-07,1.01e-07,0,0
7.2083e+06,1,1.015e-07,1.015e-07,0,0
7.1841e+06,1,1.02e-07,1.02e-07,0,0
7.1598e+06,1,1.025e-07,1.025e-07,0,0
7.1357e+06,1,1.03e-07,1.03e-07,0,0
7.1117e+06,1,1.035e-07,1.035e-07,0,0
7.0879e+06,1,1.04e-07,1.04e-07,0,0
7.064e+06,1,1.045e-07,1.045e-07,0,0
7.0404e+06,1,1.05e-07,1.05e-07,0,0
7.0168e+06,1,1.055e-07,1.055e-07,0,0
6.9934e+06,1,1.06e-07,1.06e-07,0,0
6.97e+06,1,1.065e-07,1.065e-07,0,0
6.9468e+06,1,1.07e-07,1.07e-07,0,0
6.9236e+06,1,1.075e-07,1.075e-07,0,0
6.9006e+06,1,1.08e-07,1.08e-07,0,0
6.8776e+06,1,1.085e-07,1.085e-07,0,0
6.8548e+06,1,1.09e-07,1.09e-07,0,0
6.832e+06,1,1.095e-07,1.095e-07,0,0
6.8094e+06,1,1.1e-07,1.1e-07,0,0
6.7868e+06,1,1.105e-07,1.105e-07,0,0
6.7644e+06,1,1.11e-07,1.11e-07,0,0
6.7421e+06,1,1.115e-07,1.115e-07,0,0
6.7199e+06,1,1.12e-07,1.12e-07,0,0
6.6977e+06,1,1.125e-07,1.125e-07,0,0
6.6757e+06,1,1.13e-07,1.13e-07,0,0
6.6537e+06,1,1.135e-07,1.135e-07,0,0
6.6319e+06,1,1.14e-07,1.14e-07,0,0
6.6101e+06,1,1.145e-07,1.145e-07,0,0
6.5885e+06,1,1.15e-07,1.15e-07,0,0
6.5669e+06,1,1.155e-07,1.155e-07,0,0
6.5455e+06,1,1.16e-07,1.16e-07,0,0
6.5241e+06,1,1.165e-07,1.165e-07,0,0
6.5029e+06,1,1.17e-07,1.17e-07,0,0
6.4817e+06,1,1.175e-07,1.175e-07,0,0
6.4606e+06,1,1.18e-07,1.18e-07,0,0
6.4396e+06,1,1.185e-07,1.185e-07,0,0
6.4187e+06,1,1.19e-07,1.19e-07,0,0
6.398e+06,1,1.195e-07,1.195e-07,0,0
6.3772e+06,1,1.2e-07,1.2e-07,0,0
6.3566e+06,1,1.205e-07,1.205e-07,0,0
6.3361e+06,1,1.21e-07,1.21e-07,0,0
6.3157e+06,1,1.215e-07,1.215e-07,0,0
6.2953e+06,1,1.22e-07,1.22e-07,0,0
6.2751e+06,1,1.225e-07,1.225e-07,0,0
6.2549e+06,1,1.23e-07,1.23e-07,0,0
6.2349e+06,1,1.235e-07,1.235e-07,0,0
6.2149e+06,1,1.24e-07,1.24e-07,0,0
6.1951e+06,1,1.245e-07,1.245e-07,0,0
6.1752e+06,1,1.25e-07,1.25e-07,0,0
6.1555e+06,1,1.255e-07,1.255e-07,0,0
6.1359e+06,1,1.26e-07,1.26e-07,0,0
6.1164e+06,1,1.265e-07,1.265e-07,0,0
6.0969e+06,1,1.27e-07,1.27e-07,0,0
6.0776e+06,1,1.275e-07,1.275e-07,0,0
6.0583e+06,1,1.28e-07,1.28e-07,0,0
6.0391e+06,1,1.285e-07,1.285e-07,0,0
6.02e+06,1,1.29e-07,1.29e-07,0,0
6.001e+06,1,1.295e-07,1.295e-07,0,0
5.982e+06,1,1.3e-07,1.3e-07,0,0
5.9632e+06,1,1.305e-07,1.305e-07,0,0
5.9444e+06,1,1.31e-07,1.31e-07,0,0
5.9258e+06,1,1.315e-07,1.315e-07,0,0
5.9072e+06,1,1.32e-07,1.32e-07,0,0
5.8887e+06,1,1.325e-07,1.325e-07,0,0
5.8702e+06,1,1.33e-07,1.33e-07,0,0
5.8519e+06,1,1.335e-07,1.335e-07,0,0
5.8336e+06,1,1.34e-07,1.34e-07,0,0
5.8154e+06,1,1.345e-07,1.345e-07,0,0
5.7973e+06,1,1.35e-07,1.35e-07,0,0
5.7793e+06,1,1.355e-07,1.355e-07,0,0
5.7613e+06,1,1.36e-07,1.36e-07,0,0
5.7435e+06,1,1.365e-07,1.365e-07,0,0
5.7257e+06,1,1.37e-07,1.37e-07,0,0
5.7079e+06,1,1.375e-07,1.375e-07,0,0
5.6903e+06,1,1.38e-07,1.38e-07,0,0
5.6728e+06,1,1.385e-07,1.385e-07,0,0
5.6553e+06,1,1.39e-07,1.39e-07,0,0
5.6379e+06,1,1.395e-07,1.395e-07,0,0
5.6206e+06,1,1.4e-07,1.4e-07,0,0
5.6033e+06,1,1.405e-07,1.405e-07,0,0
5.5862e+06,1,1.41e-07,1.41e-07,0,0
5.569e+06,1,1.415e-07,1.415e-07,0,0
5.552e+06,1,1.42e-07,1.42e-07,0,0
5.5351e+06,1,1.425e-07,1.425e-07,0,0
5.5182e+06,1,1.43e-07,1.43e-07,0,0
5.5014e+06,1,1.435e-07,1.435e-07,0,0
5.4847e+06,1,1.44e-07,1.44e-07,0,0
5.468e+06,1,1.445e-07,1.445e-07,0,0
5.4515e+06,1,1.45e-07,1.45e-07,0,0
5.435e+06,1,1.455e-07,1.455e-07,0,0
5.4186e+06,1,1.46e-07,1.46e-07,0,0
5.4022e+06,1,1.465e-07,1.465e-07,0,0
5.3859e+06,1,1.47e-07,1.47e-07,0,0
5.3697e+06,1,1.475e-07,1.475e-07,0,0
5.3536e+06,1,1.48e-07,1.48e-07,0,0
5.3375e+06,1,1.485e-07,1.485e-07,0,0
5.3215e+06,1,1.49e-07,1.49e-07,0,0
5.3055e+06,1,1.495e-07,1.495e-07,0,0
5.2897e+06,1,1.5e-07,1.5e-07,0,0
5.2739e+06,1,1.505e-07,1.505e-07,0,0
5.2582e+06,1,1.51e-07,1.51e-07,0,0
5.2425e+06,1,1.515e-07,1.515e-07,0,0
5.227e+06,1,1.52e-07,1.52e-07,0,0
5.2114e+06,1,1.525e-07,1.525e-07,0,0
5.196e+06,1,1.53e-07,1.53e-07,0,0
5.1806e+06,1,1.535e-07,1.535e-07,0,0
5.1653e+06,1,1.54e-07,1.54e-07,0,0
5.15e+06,1,1.545e-07,1.545e-07,0,0
5.1349e+06,1,1.55e-07,1.55e-07,0,0
5.1198e+06,1,1.555e-07,1.555e-07,0,0
5.1047e+06,1,1.56e-07,1.56e-07,0,0
5.0897e+06,1,1.565e-07,1.565e-07,0,0
5.0748e+06,1,1.57e-07,1.57e-07,0,0
5.06e+06,1,1.575e-07,1.575e-07,0,0
5.0452e+06,1,1.58e-07,1.58e-07,0,0
5.0304e+06,1,1.585e-07,1.585e-07,0,0
5.0158e+06,1,1.59e-07,1.59e-07,0,0
5.0012e+06,1,1.595e-07,1.595e-07,0,0
4.9866e+06,1,1.6e-07,1.6e-07,0,0
4.9722e+06,1,1.605e-07,1.605e-07,0,0
4.9578e+06,1,1.61e-07,1.61e-07,0,0
4.9434e+06,1,1.615e-07,1.615e-07,0,0
4.9291e+06,1,1.62e-07,1.62e-07,0,0
4.9149e+06,1,1.625e-07,1.625e-07,0,0
4.9008e+06,1,1.63e-07,1.63e-07,0,0
4.8867e+06,1,1.635e-07,1.635e-07,0,0
4.8726e+06,1,1.64e-07,1.64e-07,0,0
4.8587e+06,1,1.645e-07,1.645e-07,0,0
4.8447e+06,1,1.65e-07,1.65e-07,0,0
4.8309e+06,1,1.655e-07,1.655e-07,0,0
4.8171e+06,1,1.66e-07,1.66e-07,0,0
4.8034e+06,1,1.665e-07,1.665e-07,0,0
4.7897e+06,1,1.67e-07,1.67e-07,0,0
4.7761e+06,1,1.675e-07,1.675e-07,0,0
4.7625e+06,1,1.68e-07,1.68e-07,0,0
4.749e+06,1,1.685e-07,1.685e-07,0,0
4.7355e+06,1,1.69e-07,1.69e-07,0,0
4.7222e+06,1,1.695e-07,1.695e-07,0,0
4.7088e+06,1,1.7e-07,1.7e-07,0,0
4.6956e+06,1,1.705e-07,1.705e-07,0,0
4.6823e+06,1,1.71e-07,1.71e-07,0,0
4.6692e+06,1,1.715e-07,1.715e-07,0,0
4.6561e+06,1,1.72e-07,1.72e-07,0,0
4.643e+06,1,1.725e-07,1.725e-07,0,0
4.63e+06,1,1.73e-07,1.73e-07,0,0
4.6171e+06,1,1.735e-07,1.735e-07,0,0
4.6042e+06,1,1.74e-07,1.74e-07,0,0
4.5914e+06,1,1.745e-07,1.745e-07,0,0
4.5786e+06,1,1.75e-07,1.75e-07,0,0
4.5659e+06,1,1.755e-07,1.755e-07,0,0
4.5532e+06,1,1.76e-07,1.76e-07,0,0
4.5406e+06,1,1.765e-07,1.765e-07,0,0
4.5281e+06,1,1.77e-07,1.77e-07,0,0
4.5156e+06,1,1.775e-07,1.775e-07,0,0
4.5031e+06,1,1.78e-07,1.78e-07,0,0
4.4907e+06,1,1.785e-07,1.785e-07,0,0
4.4784e+06,1,1.79e-07,1.79e-07,0,0
4.4661e+06,1,1.795e-07,1.795e-07,0,0
4.4539e+06,1,1.8e-07,1.8e-07,0,0
4.4417e+06,1,1.805e-07,1.805e-07,0,0
4.4295e+06,1,1.81e-07,1.81e-07,0,0
4.4174e+06,1,1.815e-07,1.815e-07,0,0
4.4054e+06,1,1.82e-07,1.82e-07,0,0
4.3934e+06,1,1.825e-07,1.825e-07,0,0
4.3815e+06,1,1.83e-07,1.83e-07,0,0
4.3696e+06,1,1.835e-07,1.835e-07,0,0
4.3578e+06,1,1.84e-07,1.84e-07,0,0
4.346e+06,1,1.845e-07,1.845e-07,0,0
4.3343e+06,1,1.85e-07,1.85e-07,0,0
4.3226e+06,1,1.855e-07,1.855e-07,0,0
4.3109e+06,1,1.86e-07,1.86e-07,0,0
4.2993e+06,1,1.865e-07,1.865e-07,0,0
4.2878e+06,1,1.87e-07,1.87e-07,0,0
4.2763e+06,1,1.875e-07,1.875e-07,0,0
4.2649e+06,1,1.88e-07,1.88e-07,0,0
4.2535e+06,1,1.885e-07,1.885e-07,0,0
4.2421e+06,1,1.89e-07,1.89e-07,0,0
4.2308e+06,1,1.895e-07,1.895e-07,0,0
4.2196e+06,1,1.9e-07,1.9e-07,0,0
4.2084e+06,1,1.905e-07,1.905e-07,0,0
4.1972e+06,1,1.91e-07,1.91e-07,0,0
4.1861e+06,1,1.915e-07,1.915e-07,0,0
4.175e+06,1,1.92e-07,1.92e-07,0,0
4.164e+06,1,1.925e-07,1.925e-07,0,0
4.1531e+06,1,1.93e-07,1.93e-07,0,0
4.1421e+06,1,1.935e-07,1.935e-07,0,0
4.1312e+06,1,1.94e-07,1.94e-07,0,0
4.1204e+06,1,1.945e-07,1.945e-07,0,0
4.1096e+06,1,1.95e-07,1.95e-07,0,0
4.0988e+06,1,1.955e-07,1.955e-07,0,0
4.0881e+06,1,1.96e-07,1.96e-07,0,0
4.0775e+06,1,1.965e-07,1.965e-07,0,0
4.0669e+06,1,1.97e-07,1.97e-07,0,0
4.0563e+06,1,1.975e-07,1.975e-07,0,0
4.0458e+06,1,1.98e-07,1.98e-07,0,0
4.0353e+06,1,1.985e-07,1.985e-07,0,0
4.0248e+06,1,1.99e-07,1.99e-07,0,0
4.0144e+06,1,1.995e-07,1.995e-07,0,0
4.0041e+06,1,2e-07,2e-07,0,0
3.9938e+06,1,2.005e-07,2.005e-07,0,0
3.9835e+06,1,2.01e-07,2.01e-07,0,0
3.9733e+06,1,2.015e-07,2.015e-07,0,0
3.9631e+06,1,2.02e-07,2.02e-07,0,0
3.9529e+06,1,2.025e-07,2.025e-07,0,0
3.9428e+06,1,2.03e-07,2.03e-07,0,0
3.9327e+06,1,2.035e-07,2.035e-07,0,0
3.9227e+06,1,2.04e-07,2.04e-07,0,0
3.9127e+06,1,2.045e-07,2.045e-07,0,0
3.9028e+06,1,2.05e-07,2.05e-07,0,0
3.8929e+06,1,2.055e-07,2.055e-07,0,0
3.883e+06,1,2.06e-07,2.06e-07,0,0
3.8732e+06,1,2.065e-07,2.065e-07,0,0
3.8634e+06,1,2.07e-07,2.07e-07,0,0
3.8537e+06,1,2.075e-07,2.075e-07,0,0
3.844e+06,1,2.08e-07,2.08e-07,0,0
3.8343e+06,1,2.085e-07,2.085e-07,0,0
3.8247e+06,1,2.09e-07,2.09e-07,0,0
3.8151e+06,1,2.095e-07,2.095e-07,0,0
3.8055e+06,1,2.1e-07,2.1e-07,0,0
3.796e+06,1,2.105e-07,2.105e-07,0,0
3.7866e+06,1,2.11e-07,2.11e-07,0,0
3.7771e+06,1,2.115e-07,2.115e-07,0,0
3.7677e+06,1,2.12e-07,2.12e-07,0,0
3.7584e+06,1,2.125e-07,2.125e-07,0,0
3.7491e+06,1,2.13e-07,2.13e-07,0,0
3.7398e+06,1,2.135e-07,2.135e-07,0,0
3.7305e+06,1,2.14e-07,2.14e-07,0,0
3.7213e+06,1,2.145e-07,2.145e-07,0,0
3.7121e+06,1,2.15e-07,2.15e-07,0,0
3.703e+06,1,2.155e-07,2.155e-07,0,0
3.6939e+06,1,2.16e-07,2.16e-07,0,0
3.6849e+06,1,2.165e-07,2.165e-07,0,0
3.6758e+06,1,2.17e-07,2.17e-07,0,0
3.6668e+06,1,2.175e-07,2.175e-07,0,0
3.6579e+06,1,2.18e-07,2.18e-07,0,0
3.649e+06,1,2.185e-07,2.185e-07,0,0
3.6401e+06,1,2.19e-07,2.19e-07,0,0
3.6312e+06,1,2.195e-07,2.195e-07,0,0
3.6224e+06,1,2.2e-07,2.2e-07,0,0
3.6136e+06,1,2.205e-07,2.205e-07,0,0
3.6049e+06,1,2.21e-07,2.21e-07,0,0
3.5962e+06,1,2.215e-07,2.215e-07,0,0
3.5875e+06,1,2.22e-07,2.22e-07,0,0
3.5789e+06,1,2.225e-07,2.225e-07,0,0
3.5703e+06,1,2.23e-07,2.23e-07,0,0
3.5617e+06,1,2.235e-07,2.235e-07,0,0
3.5532e+06,1,2.24e-07,2.24e-07,0,0
3.5446e+06,1,2.245e-07,2.245e-07,0,0
3.5362e+06,1,2.25e-07,2.25e-07,0,0
3.5277e+06,1,2.255e-07,2.255e-07,0,0
3.5193e+06,1,2.26e-07,2.26e-07,0,0
3.5109e+06,1,2.265e-07,2.265e-07,0,0
3.5026e+06,1,2.27e-07,2.27e-07,0,0
3.4943e+06,1,2.275e-07,2.275e-07,0,0
3.486e+06,1,2.28e-07,2.28e-07,0,0
3.4778e+06,1,2.285e-07,2.285e-07,0,0
3.4696e+06,1,2.29e-07,2.29e-07,0,0
3.4614e+06,1,2.295e-07,2.295e-07,0,0
3.4533e+06,1,2.3e-07,2.3e-07,0,0
3.4451e+06,1,2.305e-07,2.305e-07,0,0
3.4371e+06,1,2.31e-07,2.31e-07,0,0
3.429e+06,1,2.315e-07,2.315e-07,0,0
3.421e+06,1,2.32e-07,2.32e-07,0,0
3.413e+06,1,2.325e-07,2.325e-07,0,0
3.405e+06,1,2.33e-07,2.33e-07,0,0
3.3971e+06,1,2.335e-07,2.335e-07,0,0
3.3892e+06,1,2.34e-07,2.34e-07,0,0
3.3813e+06,1,2.345e-07,2.345e-07,0,0
3.3735e+06,1,2.35e-07,2.35e-07,0,0
3.3657e+06,1,2.355e-07,2.355e-07,0,0
3.3579e+06,1,2.36e-07,2.36e-07,0,0
3.3502e+06,1,2.365e-07,2.365e-07,0,0
3.3425e+06,1,2.37e-07,2.37e-07,0,0
3.3348e+06,1,2.375e-07,2.375e-07,0,0
3.3271e+06,1,2.38e-07,2.38e-07,0,0
3.3195e+06,1,2.385e-07,2.385e-07,0,0
3.3119e+06,1,2.39e-07,2.39e-07,0,0
3.3043e+06,1,2.395e-07,2.395e-07,0,0
3.2968e+06,1,2.4e-07,2.4e-07,0,0
3.2893e+06,1,2.405e-07,2.405e-07,0,0
3.2818e+06,1,2.41e-07,2.41e-07,0,0
3.2743e+06,1,2.415e-07,2.415e-07,0,0
3.2669e+06,1,2.42e-07,2.42e-07,0,0
3.2595e+06,1,2.425e-07,2.425e-07,0,0
3.2521e+06,1,2.43e-07,2.43e-07,0,0
3.2448e+06,1,2.435e-07,2.435e-07,0,0
3.2375e+06,1,2.44e-07,2.44e-07,0,0
3.2302e+06,1,2.445e-07,2.445e-07,0,0
3.2229e+06,1,2.45e-07,2.45e-07,0,0
3.2157e+06,1,2.455e-07,2.455e-07,0,0
3.2085e+06,1,2.46e-07,2.46e-07,0,0
3.2013e+06,1,2.465e-07,2.465e-07,0,0
3.1941e+06,1,2.47e-07,2.47e-07,0,0
3.187e+06,1,2.475e-07,2.475e-07,0,0
3.1799e+06,1,2.48e-07,2.48e-07,0,0
3.1729e+06,1,2.485e-07,2.485e-07,0,0
3.1658e+06,1,2.49e-07,2.49e-07,0,0
3.1588e+06,1,2.495e-07,2.495e-07,0,0
3.1518e+06,1,2.5e-07,2.5e-07,0,0
3.1448e+06,1,2.505e-07,2.505e-07,0,0
3.1379e+06,1,2.51e-07,2.51e-07,0,0
3.131e+06,1,2.515e-07,2.515e-07,0,0
3.1241e+06,1,2.52e-07,2.52e-07,0,0
3.1172e+06,1,2.525e-07,2.525e-07,0,0
3.1104e+06,1,2.53e-07,2.53e-07,0,0
3.1036e+06,1,2.535e-07,2.535e-07,0,0
3.0968e+06,1,2.54e-07,2.54e-07,0,0
3.09e+06,1,2.545e-07,2.545e-07,0,0
3.0833e+06,1,2.55e-07,2.55e-07,0,0
3.0766e+06,1,2.555e-07,2.555e-07,0,0
3.0699e+06,1,2.56e-07,2.56e-07,0,0
3.0633e+06,1,2.565e-07,2.565e-07,0,0
3.0566e+06,1,2.57e-07,2.57e-07,0,0
3.05e+06,1,2.575e-07,2.575e-07,0,0
3.0434e+06,1,2.58e-07,2.58e-07,0,0
3.0369e+06,1,2.585e-07,2.585e-07,0,0
3.0303e+06,1,2.59e-07,2.59e-07,0,0
3.0238e+06,1,2.595e-07,2.595e-07,0,0
3.0173e+06,1,2.6e-07,2.6e-07,0,0
3.0108e+06,1,2.605e-07,2.605e-07,0,0
3.0044e+06,1,2.61e-07,2.61e-07,0,0
2.998e+06,1,2.615e-07,2.615e-07,0,0
2.9916e+06,1,2.62e-07,2.62e-07,0,0
2.9852e+06,1,2.625e-07,2.625e-07,0,0
2.9789e+06,1,2.63e-07,2.63e-07,0,0
2.9725e+06,1,2.635e-07,2.635e-07,0,0
2.9662e+06,1,2.64e-07,2.64e-07,0,0
2.9599e+06,1,2.645e-07,2.645e-07,0,0
2.9537e+06,1,2.65e-07,2.65e-07,0,0
2.9474e+06,1,2.655e-07,2.655e-07,0,0
2.9412e+06,1,2.66e-07,2.66e-07,0,0
2.935e+06,1,2.665e-07,2.665e-07,0,0
2.9289e+06,1,2.67e-07,2.67e-07,0,0
2.9227e+06,1,2.675e-07,2.675e-07,0,0
2.9166e+06,1,2.68e-07,2.68e-07,0,0
2.9105e+06,1,2.685e-07,2.685e-07,0,0
2.9044e+06,1,2.69e-07,2.69e-07,0,0
2.8984e+06,1,2.695e-07,2.695e-07,0,0
2.8923e+06,1,2.7e-07,2.7e-07,0,0
2.8863e+06,1,2.705e-07,2.705e-07,0,0
2.8803e+06,1,2.71e-07,2.71e-07,0,0
2.8744e+06,1,2.715e-07,2.715e-07,0,0
2.8684e+06,1,2.72e-07,2.72e-07,0,0
2.8625e+06,1,2.725e-07,2.725e-07,0,0
2.8566e+06,1,2.73e-07,2.73e-07,0,0
2.8507e+06,1,2.735e-07,2.735e-07,0,0
2.8448e+06,1,2.74e-07,2.74e-07,0,0
2.839e+06,1,2.745e-07,2.745e-07,0,0
2.8332e+06,1,2.75e-07,2.75e-07,0,0
2.8274e+06,1,2.755e-07,2.755e-07,0,0
2.8216e+06,1,2.76e-07,2.76e-07,0,0
2.8158e+06,1,2.765e-07,2.765e-07,0,0
2.8101e+06,1,2.77e-07,2.77e-07,0,0
2.8043e+06,1,2.775e-07,2.775e-07,0,0
2.7987e+06,1,2.78e-07,2.78e-07,0,0
2.793e+06,1,2.785e-07,2.785e-07,0,0
2.7873e+06,1,2.79e-07,2.79e-07,0,0
2.7817e+06,1,2.795e-07,2.795e-07,0,0
2.7761e+06,1,2.8e-07,2.8e-07,0,0
2.7705e+06,1,2.805e-07,2.805e-07,0,0
2.7649e+06,1,2.81e-07,2.81e-07,0,0
2.7593e+06,1,2.815e-07,2.815e-07,0,0
2.7538e+06,1,2.82e-07,2.82e-07,0,0
2.7482e+06,1,2.825e-07,2.825e-07,0,0
2.7427e+06,1,2.83e-07,2.83e-07,0,0
2.7373e+06,1,2.835e-07,2.835e-07,0,0
2.7318e+06,1,2.84e-07,2.84e-07,0,0
2.7264e+06,1,2.845e-07,2.845e-07,0,0
2.7209e+06,1,2.85e-07,2.85e-07,0,0
2.7155e+06,1,2.855e-07,2.855e-07,0,0
2.7101e+06,1,2.86e-07,2.86e-07,0,0
2.7048e+06,1,2.865e-07,2.865e-07,0,0
2.6994e+06,1,2.87e-07,2.87e-07,0,0
2.6941e+06,1,2.875e-07,2.875e-07,0,0
2.6888e+06,1,2.88e-07,2.88e-07,0,0
2.6835e+06,1,2.885e-07,2.885e-07,0,0
2.6782e+06,1,2.89e-07,2.89e-07,0,0
2.6729e+06,1,2.895e-07,2.895e-07,0,0
2.6677e+06,1,2.9e-07,2.9e-07,0,0
2.6625e+06,1,2.905e-07,2.905e-07,0,0
2.6573e+06,1,2.91e-07,2.91e-07,0,0
2.6521e+06,1,2.915e-07,2.915e-07,0,0
2.6469e+06,1,2.92e-07,2.92e-07,0,0
2.6418e+06,1,2.925e-07,2.925e-07,0,0
2.6366e+06,1,2.93e-07,2.93e-07,0,0
2.6315e+06,1,2.935e-07,2.935e-07,0,0
2.6264e+06,1,2.94e-07,2.94e-07,0,0
2.6213e+06,1,2.945e-07,2.945e-07,0,0
2.6163e+06,1,2.95e-07,2.95e-07,0,0
2.6112e+06,1,2.955e-07,2.955e-07,0,0
2.6062e+06,1,2.96e-07,2.96e-07,0,0
2.6012e+06,1,2.965e-07,2.965e-07,0,0
2.5962e+06,1,2.97e-07,2.97e-07,0,0
2.5912e+06,1,2.975e-07,2.975e-07,0,0
2.5862e+06,1,2.98e-07,2.98e-07,0,0
2.5813e+06,1,2.985e-07,2.985e-07,0,0
2.5764e+06,1,2.99e-07,2.99e-07,0,0
2.5715e+06,1,2.995e-07,2.995e-07,0,0
2.5666e+06,1,3e-07,3e-07,0,0
2.5617e+06,1,3.005e-07,3.005e-07,0,0
2.5568e+06,1,3.01e-07,3.01e-07,0,0
2.552e+06,1,3.015e-07,3.015e-07,0,0
2.5471e+06,1,3.02e-07,3.02e-07,0,0
2.5423e+06,1,3.025e-07,3.025e-07,0,0
2.5375e+06,1,3.03e-07,3.03e-07,0,0
2.5328e+06,1,3.035e-07,3.035e-07,0,0
2.528e+06,1,3.04e-07,3.04e-07,0,0
2.5232e+06,1,3.045e-07,3.045e-07,0,0
2.5185e+06,1,3.05e-07,3.05e-07,0,0
2.5138e+06,1,3.055e-07,3.055e-07,0,0
2.5091e+06,1,3.06e-07,3.06e-07,0,0
2.5044e+06,1,3.065e-07,3.065e-07,0,0
2.4997e+06,1,3.07e-07,3.07e-07,0,0
2.4951e+06,1,3.075e-07,3.075e-07,0,0
2.4904e+06,1,3.08e-07,3.08e-07,0,0
2.4858e+06,1,3.085e-07,3.085e-07,0,0
2.4812e+06,1,3.09e-07,3.09e-07,0,0
2.4766e+06,1,3.095e-07,3.095e-07,0,0
2.472e+06,1,3.1e-07,3.1e-07,0,0
2.4675e+06,1,3.105e-07,3.105e-07,0,0
2.4629e+06,1,3.11e-07,3.11e-07,0,0
2.4584e+06,1,3.115e-07,3.115e-07,0,0
2.4539e+06,1,3.12e-07,3.12e-07,0,0
2.4494e+06,1,3.125e-07,3.125e-07,0,0
2.4449e+06,1,3.13e-07,3.13e-07,0,0
2.4404e+06,1,3.135e-07,3.135e-07,0,0
2.436e+06,1,3.14e-07,3.14e-07,0,0
2.4315e+06,1,3.145e-07,3.145e-07,0,0
2.4271e+06,1,3.15e-07,3.15e-07,0,0
2.4227e+06,1,3.155e-07,3.155e-07,0,0
2.4183e+06,1,3.16e-07,3.16e-07,0,0
2.4139e+06,1,3.165e-07,3.165e-07,0,0
2.4095e+06,1,3.17e-07,3.17e-07,0,0
2.4052e+06,1,3.175e-07,3.175e-07,0,0
2.4008e+06,1,3.18e-07,3.18e-07,0,0
2.3965e+06,1,3.185e-07,3.185e-07,0,0
2.3922e+06,1,3.19e-07,3.19e-07,0,0
2.3879e+06,1,3.195e-07,3.195e-07,0,0
2.3836e+06,1,3.2e-07,3.2e-07,0,0
2.3793e+06,1,3.205e-07,3.205e-07,0,0
2.375e+06,1,3.21e-07,3.21e-07,0,0
2.3708e+06,1,3.215e-07,3.215e-07,0,0
2.3666e+06,1,3.22e-07,3.22e-07,0,0
2.3623e+06,1,3.225e-07,3.225e-07,0,0
2.3581e+06,1,3.23e-07,3.23e-07,0,0
2.354e+06,1,3.235e-07,3.235e-07,0,0
2.3498e+06,1,3.24e-07,3.24e-07,0,0
2.3456e+06,1,3.245e-07,3.245e-07,0,0
2.3415e+06,1,3.25e-07,3.25e-07,0,0
2.3373e+06,1,3.255e-07,3.255e-07,0,0
2.3332e+06,1,3.26e-07,3.26e-07,0,0
2.3291e+06,1,3.265e-07,3.265e-07,0,0
2.325e+06,1,3.27e-07,3.27e-07,0,0
2.3209e+06,1,3.275e-07,3.275e-07,0,0
2.3168e+06,1,3.28e-07,3.28e-07,0,0
2.3128e+06,1,3.285e-07,3.285e-07,0,0
2.3087e+06,1,3.29e-07,3.29e-07,0,0
2.3047e+06,1,3.295e-07,3.295e-07,0,0
2.3007e+06,1,3.3e-07,3.3e-07,0,0
2.2967e+06,1,3.305e-07,3.305e-07,0,0
2.2927e+06,1,3.31e-07,3.31e-07,0,0
2.2887e+06,1,3.315e-07,3.315e-07,0,0
2.2847e+06,1,3.32e-07,3.32e-07,0,0
2.2808e+06,1,3.325e-07,3.325e-07,0,0
2.2768e+06,1,3.33e-07,3.33e-07,0,0
2.2729e+06,1,3.335e-07,3.335e-07,0,0
2.2689e+06,1,3.34e-07,3.34e-07,0,0
2.265e+06,1,3.345e-07,3.345e-07,0,0
2.2611e+06,1,3.35e-07,3.35e-07,0,0
2.2573e+06,1,3.355e-07,3.355e-07,0,0
2.2534e+06,1,3.36e-07,3.36e-07,0,0
2.2495e+06,1,3.365e-07,3.365e-07,0,0
2.2457e+06,1,3.37e-07,3.37e-07,0,0
2.2418e+06,1,3.375e-07,3.375e-07,0,0
2.238e+06,1,3.38e-07,3.38e-07,0,0
2.2342e+06,1,3.385e-07,3.385e-07,0,0
2.2304e+06,1,3.39e-07,3.39e-07,0,0
2.2266e+06,1,3.395e-07,3.395e-07,0,0
2.2228e+06,1,3.4e-07,3.4e-07,0,0
2.2191e+06,1,3.405e-07,3.405e-07,0,0
2.2153e+06,1,3.41e-07,3.41e-07,0,0
2.2116e+06,1,3.415e-07,3.415e-07,0,0
2.2079e+06,1,3.42e-07,3.42e-07,0,0
2.2041e+06,1,3.425e-07,3.425e-07,0,0
2.2004e+06,1,3.43e-07,3.43e-07,0,0
2.1967e+06,1,3.435e-07,3.435e-07,0,0
2.193e+06,1,3.44e-07,3.44e-07,0,0
2.1894e+06,1,3.445e-07,3.445e-07,0,0
2.1857e+06,1,3.45e-07,3.45e-07,0,0
2.1821e+06,1,3.455e-07,3.455e-07,0,0
2.1784e+06,1,3.46e-07,3.46e-07,0,0
2.1748e+06,1,3.465e-07,3.465e-07,0,0
2.1712e+06,1,3.47e-07,3.47e-07,0,0
2.1676e+06,1,3.475e-07,3.475e-07,0,0
2.164e+06,1,3.48e-07,3.48e-07,0,0
2.1604e+06,1,3.485e-07,3.485e-07,0,0
2.1568e+06,1,3.49e-07,3.49e-07,0,0
2.1533e+06,1,3.495e-07,3.495e-07,0,0
2.1497e+06,1,3.5e-07,3.5e-07,0,0
2.1462e+06,1,3.505e-07,3.505e-07,0,0
2.1426e+06,1,3.51e-07,3.51e-07,0,0
2.1391e+06,1,3.515e-07,3.515e-07,0,0
2.1356e+06,1,3.52e-07,3.52e-07,0,0
2.1321e+06,1,3.525e-07,3.525e-07,0,0
2.1286e+06,1,3.53e-07,3.53e-07,0,0
2.1251e+06,1,3.535e-07,3.535e-07,0,0
2.1217e+06,1,3.54e-07,3.54e-07,0,0
2.1182e+06,1,3.545e-07,3.545e-07,0,0
2.1148e+06,1,3.55e-07,3.55e-07,0,0
2.1113e+06,1,3.555e-07,3.555e-07,0,0
2.1079e+06,1,3.56e-07,3.56e-07,0,0
2.1045e+06,1,3.565e-07,3.565e-07,0,0
2.1011e+06,1,3.57e-07,3.57e-07,0,0
2.0977e+06,1,3.575e-07,3.575e-07,0,0
2.0943e+06,1,3.58e-07,3.58e-07,0,0
2.0909e+06,1,3.585e-07,3.585e-07,0,0
2.0876e+06,1,3.59e-07,3.59e-07,0,0
2.0842e+06,1,3.595e-07,3.595e-07,0,0
2.0809e+06,1,3.6e-07,3.6e-07,0,0
2.0775e+06,1,3.605e-07,3.605e-07,0,0
2.0742e+06,1,3.61e-07,3.61e-07,0,0
2.0709e+06,1,3.615e-07,3.615e-07,0,0
2.0676e+06,1,3.62e-07,3.62e-07,0,0
2.0643e+06,1,3.625e-07,3.625e-07,0,0
2.061e+06,1,3.63e-07,3.63e-07,0,0
2.0577e+06,1,3.635e-07,3.635e-07,0,0
2.0545e+06,1,3.64e-07,3.64e-07,0,0
2.0512e+06,1,3.645e-07,3.645e-07,0,0
2.048e+06,1,3.65e-07,3.65e-07,0,0
2.0447e+06,1,3.655e-07,3.655e-07,0,0
2.0415e+06,1,3.66e-07,3.66e-07,0,0
2.0383e+06,1,3.665e-07,3.665e-07,0,0
2.0351e+06,1,3.67e-07,3.67e-07,0,0
2.0319e+06,1,3.675e-07,3.675e-07,0,0
2.0287e+06,1,3.68e-07,3.68e-07,0,0
2.0255e+06,1,3.685e-07,3.685e-07,0,0
2.0223e+06,1,3.69e-07,3.69e-07,0,0
2.0191e+06,1,3.695e-07,3.695e-07,0,0
2.016e+06,1,3.7e-07,3.7e-07,0,0
2.0128e+06,1,3.705e-07,3.705e-07,0,0
2.0097e+06,1,3.71e-07,3.71e-07,0,0
2.0066e+06,1,3.715e-07,3.715e-07,0,0
2.0035e+06,1,3.72e-07,3.72e-07,0,0
2.0004e+06,1,3.725e-07,3.725e-07,0,0
1.9973e+06,1,3.73e-07,3.73e-07,0,0
1.9942e+06,1,3.735e-07,3.735e-07,0,0
1.9911e+06,1,3.74e-07,3.74e-07,0,0
1.988e+06,1,3.745e-07,3.745e-07,0,0
1.9849e+06,1,3.75e-07,3.75e-07,0,0
1.9819e+06,1,3.755e-07,3.755e-07,0,0
1.9788e+06,1,3.76e-07,3.76e-07,0,0
1.9758e+06,1,3.765e-07,3.765e-07,0,0
1.9728e+06,1,3.77e-07,3.77e-07,0,0
1.9698e+06,1,3.775e-07,3.775e-07,0,0
1.9667e+06,1,3.78e-07,3.78e-07,0,0
1.9637e+06,1,3.785e-07,3.785e-07,0,0
1.9607e+06,1,3.79e-07,3.79e-07,0,0
1.9578e+06,1,3.795e-07,3.795e-07,0,0
1.9548e+06,1,3.8e-07,3.8e-07,0,0
1.9518e+06,1,3.805e-07,3.805e-07,0,0
1.9488e+06,1,3.81e-07,3.81e-07,0,0
1.9459e+06,1,3.815e-07,3.815e-07,0,0
1.9429e+06,1,3.82e-07,3.82e-07,0,0
1.94e+06,1,3.825e-07,3.825e-07,0,0
1.9371e+06,1,3.83e-07,3.83e-07,0,0
1.9342e+06,1,3.835e-07,3.835e-07,0,0
1.9312e+06,1,3.84e-07,3.84e-07,0,0
1.9283e+06,1,3.845e-07,3.845e-07,0,0
1.9254e+06,1,3.85e-07,3.85e-07,0,0
1.9226e+06,1,3.855e-07,3.855e-07,0,0
1.9197e+06,1,3.86e-07,3.86e-07,0,0
1.9168e+06,1,3.865e-07,3.865e-07,0,0
1.9139e+06,1,3.87e-07,3.87e-07,0,0
1.9111e+06,1,3.875e-07,3.875e-07,0,0
1.9082e+06,1,3.88e-07,3.88e-07,0,0
1.9054e+06,1,3.885e-07,3.885e-07,0,0
1.9026e+06,1,3.89e-07,3.89e-07,0,0
1.8997e+06,1,3.895e-07,3.895e-07,0,0
1.8969e+06,1,3.9e-07,3.9e-07,0,0
1.8941e+06,1,3.905e-07,3.905e-07,0,0
1.8913e+06,1,3.91e-07,3.91e-07,0,0
1.8885e+06,1,3.915e-07,3.915e-07,0,0
1.8857e+06,1,3.92e-07,3.92e-07,0,0
1.883e+06,1,3.925e-07,3.925e-07,0,0
1.8802e+06,1,3.93e-07,3.93e-07,0,0
1.8774e+06,1,3.935e-07,3.935e-07,0,0
1.8747e+06,1,3.94e-07,3.94e-07,0,0
1.8719e+06,1,3.945e-07,3.945e-07,0,0
1.8692e+06,1,3.95e-07,3.95e-07,0,0
1.8665e+06,1,3.955e-07,3.955e-07,0,0
1.8637e+06,1,3.96e-07,3.96e-07,0,0
1.861e+06,1,3.965e-07,3.965e-07,0,0
1.8583e+06,1,3.97e-07,3.97e-07,0,0
1.8556e+06,1,3.975e-07,3.975e-07,0,0
1.8529e+06,1,3.98e-07,3.98e-07,0,0
1.8502e+06,1,3.985e-07,3.985e-07,0,0
1.8476e+06,1,3.99e-07,3.99e-07,0,0
1.8449e+06,1,3.995e-07,3.995e-07,0,0
1.8422e+06,1,4e-07,4e-07,0,0
1.8396e+06,1,4.005e-07,4.005e-07,0,0
1.8369e+06,1,4.01e-07,4.01e-07,0,0
1.8343e+06,1,4.015e-07,4.015e-07,0,0
1.8316e+06,1,4.02e-07,4.02e-07,0,0
1.829e+06,1,4.025e-07,4.025e-07,0,0
1.8264e+06,1,4.03e-07,4.03e-07,0,0
1.8238e+06,1,4.035e-07,4.035e-07,0,0
1.8211e+06,1,4.04e-07,4.04e-07,0,0
1.8185e+06,1,4.045e-07,4.045e-07,0,0
1.8159e+06,1,4.05e-07,4.05e-07,0,0
1.8134e+06,1,4.055e-07,4.055e-07,0,0
1.8108e+06,1,4.06e-07,4.06e-07,0,0
1.8082e+06,1,4.065e-07,4.065e-07,0,0
1.8056e+06,1,4.07e-07,4.07e-07,0,0
1.8031e+06,1,4.075e-07,4.075e-07,0,0
1.8005e+06,1,4.08e-07,4.08e-07,0,0
1.798e+06,1,4.085e-07,4.085e-07,0,0
1.7954e+06,1,4.09e-07,4.09e-07,0,0
1.7929e+06,1,4.095e-07,4.095e-07,0,0
1.7904e+06,1,4.1e-07,4.1e-07,0,0
1.7879e+06,1,4.105e-07,4.105e-07,0,0
1.7853e+06,1,4.11e-07,4.11e-07,0,0
1.7828e+06,1,4.115e-07,4.115e-07,0,0
1.7803e+06,1,4.12e-07,4.12e-07,0,0
1.7778e+06,1,4.125e-07,4.125e-07,0,0
1.7754e+06,1,4.13e-07,4.13e-07,0,0
1.7729e+06,1,4.135e-07,4.135e-07,0,0
1.7704e+06,1,4.14e-07,4.14e-07,0,0
1.7679e+06,1,4.145e-07,4.145e-07,0,0
1.7655e+06,1,4.15e-07,4.15e-07,0,0
1.763e+06,1,4.155e-07,4.155e-07,0,0
1.7606e+06,1,4.16e-07,4.16e-07,0,0
1.7581e+06,1,4.165e-07,4.165e-07,0,0
1.7557e+06,1,4.17e-07,4.17e-07,0,0
1.7533e+06,1,4.175e-07,4.175e-07,0,0
1.7508e+06,1,4.18e-07,4.18e-07,0,0
1.7484e+06,1,4.185e-07,4.185e-07,0,0
1.746e+06,1,4.19e-07,4.19e-07,0,0
1.7436e+06,1,4.195e-07,4.195e-07,0,0
1.7412e+06,1,4.2e-07,4.2e-07,0,0
1.7388e+06,1,4.205e-07,4.205e-07,0,0
1.7364e+06,1,4.21e-07,4.21e-07,0,0
1.7341e+06,1,4.215e-07,4.215e-07,0,0
1.7317e+06,1,4.22e-07,4.22e-07,0,0
1.7293e+06,1,4.225e-07,4.225e-07,0,0
1.727e+06,1,4.23e-07,4.23e-07,0,0
1.7246e+06,1,4.235e-07,4.235e-07,0,0
1.7223e+06,1,4.24e-07,4.24e-07,0,0
1.7199e+06,1,4.245e-07,4.245e-07,0,0
1.7176e+06,1,4.25e-07,4.25e-07,0,0
1.7153e+06,1,4.255e-07,4.255e-07,0,0
1.7129e+06,1,4.26e-07,4.26e-07,0,0
1.7106e+06,1,4.265e-07,4.265e-07,0,0
1.7083e+06,1,4.27e-07,4.27e-07,0,0
1.706e+06,1,4.275e-07,4.275e-07,0,0
1.7037e+06,1,4.28e-07,4.28e-07,0,0
1.7014e+06,1,4.285e-07,4.285e-07,0,0
1.6991e+06,1,4.29e-07,4.29e-07,0,0
1.6968e+06,1,4.295e-07,4.295e-07,0,0
1.6946e+06,1,4.3e-07,4.3e-07,0,0
1.6923e+06,1,4.305e-07,4.305e-07,0,0
1.69e+06,1,4.31e-07,4.31e-07,0,0
1.6878e+06,1,4.315e-07,4.315e-07,0,0
1.6855e+06,1,4.32e-07,4.32e-07,0,0
1.6832e+06,1,4.325e-07,4.325e-07,0,0
1.681e+06,1,4.33e-07,4.33e-07,0,0
1.6788e+06,1,4.335e-07,4.335e-07,0,0
1.6765e+06,1,4.34e-07,4.34e-07,0,0
1.6743e+06,1,4.345e-07,4.345e-07,0,0
1.6721e+06,1,4.35e-07,4.35e-07,0,0
1.6699e+06,1,4.355e-07,4.355e-07,0,0
1.6677e+06,1,4.36e-07,4.36e-07,0,0
1.6655e+06,1,4.365e-07,4.365e-07,0,0
1.6633e+06,1,4.37e-07,4.37e-07,0,0
1.6611e+06,1,4.375e-07,4.375e-07,0,0
1.6589e+06,1,4.38e-07,4.38e-07,0,0
1.6567e+06,1,4.385e-07,4.385e-07,0,0
1.6545e+06,1,4.39e-07,4.39e-07,0,0
1.6523e+06,1,4.395e-07,4.395e-07,0,0
1.6502e+06,1,4.4e-07,4.4e-07,0,0
1.648e+06,1,4.405e-07,4.405e-07,0,0
1.6459e+06,1,4.41e-07,4.41e-07,0,0
1.6437e+06,1,4.415e-07,4.415e-07,0,0
1.6416e+06,1,4.42e-07,4.42e-07,0,0
1.6394e+06,1,4.425e-07,4.425e-07,0,0
1.6373e+06,1,4.43e-07,4.43e-07,0,0
1.6352e+06,1,4.435e-07,4.435e-07,0,0
1.633e+06,1,4.44e-07,4.44e-07,0,0
1.6309e+06,1,4.445e-07,4.445e-07,0,0
1.6288e+06,1,4.45e-07,4.45e-07,0,0
1.6267e+06,1,4.455e-07,4.455e-07,0,0
1.6246e+06,1,4.46e-07,4.46e-07,0,0
1.6225e+06,1,4.465e-07,4.465e-07,0,0
1.6204e+06,1,4.47e-07,4.47e-07,0,0
1.6183e+06,1,4.475e-07,4.475e-07,0,0
1.6162e+06,1,4.48e-07,4.48e-07,0,0
1.6142e+06,1,4.485e-07,4.485e-07,0,0
1.6121e+06,1,4.49e-07,4.49e-07,0,0
1.61e+06,1,4.495e-07,4.495e-07,0,0
1.608e+06,1,4.5e-07,4.5e-07,0,0
1.6059e+06,1,4.505e-07,4.505e-07,0,0
1.6039e+06,1,4.51e-07,4.51e-07,0,0
1.6018e+06,1,4.515e-07,4.515e-07,0,0
1.5998e+06,1,4.52e-07,4.52e-07,0,0
1.5977e+06,1,4.525e-07,4.525e-07,0,0
1.5957e+06,1,4.53e-07,4.53e-07,0,0
1.5937e+06,1,4.535e-07,4.535e-07,0,0
1.5916e+06,1,4.54e-07,4.54e-07,0,0
1.5896e+06,1,4.545e-07,4.545e-07,0,0
1.5876e+06,1,4.55e-07,4.55e-07,0,0
1.5856e+06,1,4.555e-07,4.555e-07,0,0
1.5836e+06,1,4.56e-07,4.56e-07,0,0
1.5816e+06,1,4.565e-07,4.565e-07,0,0
1.5796e+06,1,4.57e-07,4.57e-07,0,0
1.5776e+06,1,4.575e-07,4.575e-07,0,0
1.5756e+06,1,4.58e-07,4.58e-07,0,0
1.5737e+06,1,4.585e-07,4.585e-07,0,0
1.5717e+06,1,4.59e-07,4.59e-07,0,0
1.5697e+06,1,4.595e-07,4.595e-07,0,0
1.5677e+06,1,4.6e-07,4.6e-07,0,0
1.5658e+06,1,4.605e-07,4.605e-07,0,0
1.5638e+06,1,4.61e-07,4.61e-07,0,0
1.5619e+06,1,4.615e-07,4.615e-07,0,0
1.5599e+06,1,4.62e-07,4.62e-07,0,0
1.558e+06,1,4.625e-07,4.625e-07,0,0
1.556e+06,1,4.63e-07,4.63e-07,0,0
1.5541e+06,1,4.635e-07,4.635e-07,0,0
1.5522e+06,1,4.64e-07,4.64e-07,0,0
1.5503e+06,1,4.645e-07,4.645e-07,0,0
1.5483e+06,1,4.65e-07,4.65e-07,0,0
1.5464e+06,1,4.655e-07,4.655e-07,0,0
1.5445e+06,1,4.66e-07,4.66e-07,0,0
1.5426e+06,1,4.665e-07,4.665e-07,0,0
1.5407e+06,1,4.67e-07,4.67e-07,0,0
1.5388e+06,1,4.675e-07,4.675e-07,0,0
1.5369e+06,1,4.68e-07,4.68e-07,0,0
1.535e+06,1,4.685e-07,4.685e-07,0,0
1.5331e+06,1,4.69e-07,4.69e-07,0,0
1.5313e+06,1,4.695e-07,4.695e-07,0,0
1.5294e+06,1,4.7e-07,4.7e-07,0,0
1.5275e+06,1,4.705e-07,4.705e-07,0,0
1.5256e+06,1,4.71e-07,4.71e-07,0,0
1.5238e+06,1,4.715e-07,4.715e-07,0,0
1.5219e+06,1,4.72e-07,4.72e-07,0,0
1.5201e+06,1,4.725e-07,4.725e-07,0,0
1.5182e+06,1,4.73e-07,4.73e-07,0,0
1.5164e+06,1,4.735e-07,4.735e-07,0,0
1.5145e+06,1,4.74e-07,4.74e-07,0,0
1.5127e+06,1,4.745e-07,4.745e-07,0,0
1.5109e+06,1,4.75e-07,4.75e-07,0,0
1.509e+06,1,4.755e-07,4.755e-07,0,0
1.5072e+06,1,4.76e-07,4.76e-07,0,0
1.5054e+06,1,4.765e-07,4.765e-07,0,0
1.5036e+06,1,4.77e-07,4.77e-07,0,0
1.5018e+06,1,4.775e-07,4.775e-07,0,0
1.4999e+06,1,4.78e-07,4.78e-07,0,0
1.4981e+06,1,4.785e-07,4.785e-07,0,0
1.4963e+06,1,4.79e-07,4.79e-07,0,0
1.4945e+06,1,4.795e-07,4.795e-07,0,0
1.4928e+06,1,4.8e-07,4.8e-07,0,0
1.491e+06,1,4.805e-07,4.805e-07,0,0
1.4892e+06,1,4.81e-07,4.81e-07,0,0
1.4874e+06,1,4.815e-07,4.815e-07,0,0
1.4856e+06,1,4.82e-07,4.82e-07,0,0
1.4839e+06,1,4.825e-07,4.825e-07,0,0
1.4821e+06,1,4.83e-07,4.83e-07,0,0
1.4803e+06,1,4.835e-07,4.835e-07,0,0
1.4786e+06,1,4.84e-07,4.84e-07,0,0
1.4768e+06,1,4.845e-07,4.845e-07,0,0
1.4751e+06,1,4.85e-07,4.85e-07,0,0
1.4733e+06,1,4.855e-07,4.855e-07,0,0
1.4716e+06,1,4.86e-07,4.86e-07,0,0
1.4698e+06,1,4.865e-07,4.865e-07,0,0
1.4681e+06,1,4.87e-07,4.87e-07,0,0
1.4664e+06,1,4.875e-07,4.875e-07,0,0
1.4646e+06,1,4.88e-07,4.88e-07,0,0
1.4629e+06,1,4.885e-07,4.885e-07,0,0
1.4612e+06,1,4.89e-07,4.89e-07,0,0
1.4595e+06,1,4.895e-07,4.895e-07,0,0
1.4578e+06,1,4.9e-07,4.9e-07,0,0
1.456e+06,1,4.905e-07,4.905e-07,0,0
1.4543e+06,1,4.91e-07,4.91e-07,0,0
1.4526e+06,1,4.915e-07,4.915e-07,0,0
1.4509e+06,1,4.92e-07,4.92e-07,0,0
1.4492e+06,1,4.925e-07,4.925e-07,0,0
1.4476e+06,1,4.93e-07,4.93e-07,0,0
1.4459e+06,1,4.935e-07,4.935e-07,0,0
1.4442e+06,1,4.94e-07,4.94e-07,0,0
1.4425e+06,1,4.945e-07,4.945e-07,0,0
1.4408e+06,1,4.95e-07,4.95e-07,0,0
1.4392e+06,1,4.955e-07,4.955e-07,0,0
1.4375e+06,1,4.96e-07,4.96e-07,0,0
1.4358e+06,1,4.965e-07,4.965e-07,0,0
1.4342e+06,1,4.97e-07,4.97e-07,0,0
1.4325e+06,1,4.975e-07,4.975e-07,0,0
1.4309e+06,1,4.98e-07,4.98e-07,0,0
1.4292e+06,1,4.985e-07,4.985e-07,0,0
1.4276e+06,1,4.99e-07,4.99e-07,0,0
1.4259e+06,1,4.995e-07,4.995e-07,0,0
1.4243e+06,1,5e-07,5e-07,0,0
